Calendar Year,Fishery,Species Category,Species (or group),Number of vessels with observer data ,Observed Mortalities (number),Observed Live Releases,Number of sets observed,Observed Interactions (number),Observed Interaction Rate (per set),Observed Mortality rate (per set),LATITUDE (5° cell),LONGITUDE (5° cell)
2013,S,MAM,BALEEN WHALES NEI,29,0,1,281,1,0.003558719,0,-7.5,-167.5
2013,S,MAM,BALEEN WHALES NEI,97,0,5,699,5,0.007153076,0,-7.5,157.5
2013,S,MAM,BALEEN WHALES NEI,56,0,2,357,2,0.005602241,0,-7.5,177.5
2013,S,MAM,BALEEN WHALES NEI,113,0,2,795,2,0.002515723,0,-2.5,147.5
2013,S,MAM,BALEEN WHALES NEI,162,0,9,2462,9,0.003655565,0,-2.5,152.5
2013,S,MAM,BALEEN WHALES NEI,171,0,2,5724,2,0.000349406,0,-2.5,157.5
2013,S,MAM,BALEEN WHALES NEI,129,0,1,1589,1,0.000629327,0,-2.5,172.5
2013,S,MAM,BALEEN WHALES NEI,93,0,1,838,1,0.001193317,0,-2.5,177.5
2013,S,MAM,BALEEN WHALES NEI,80,0,1,451,1,0.002217295,0,2.5,172.5
2014,S,MAM,BALEEN WHALES NEI,88,0,2,907,2,0.002205072,0,-7.5,-177.5
2014,S,MAM,BALEEN WHALES NEI,93,1,0,858,1,0.001165501,0.001165501,-2.5,152.5
2014,S,MAM,BALEEN WHALES NEI,114,0,1,1135,1,0.000881057,0,-2.5,157.5
2014,S,MAM,BALEEN WHALES NEI,149,0,7,2653,7,0.002638522,0,-2.5,177.5
2014,S,MAM,BALEEN WHALES NEI,136,0,10,3862,10,0.002589332,0,2.5,167.5
2014,S,MAM,BALEEN WHALES NEI,134,0,1,2569,1,0.000389257,0,2.5,172.5
2014,S,MAM,BALEEN WHALES NEI,36,0,2,88,2,0.022727273,0,7.5,157.5
2015,S,MAM,BALEEN WHALES NEI,76,0,4,943,4,0.004241782,0,-7.5,-162.5
2015,S,MAM,BALEEN WHALES NEI,54,0,2,535,2,0.003738318,0,-2.5,-172.5
2015,S,MAM,BALEEN WHALES NEI,84,0,1,481,1,0.002079002,0,-2.5,162.5
2015,S,MAM,BALEEN WHALES NEI,145,0,5,1619,5,0.003088326,0,2.5,162.5
2015,S,MAM,BALEEN WHALES NEI,155,0,1,2102,1,0.000475737,0,2.5,167.5
2016,S,MAM,BALEEN WHALES NEI,150,0,3,2513,3,0.001193792,0,-2.5,167.5
2016,S,MAM,BALEEN WHALES NEI,125,0,1,1221,1,0.000819001,0,2.5,157.5
2017,S,MAM,BALEEN WHALES NEI,78,0,1,993,1,0.001007049,0,-7.5,152.5
2017,S,MAM,BALEEN WHALES NEI,133,0,0,2586,1,0.000386698,0,-2.5,177.5
2017,S,MAM,BALEEN WHALES NEI,128,0,0,1360,1,0.000735294,0,2.5,152.5
2017,S,MAM,BALEEN WHALES NEI,123,0,0,1177,2,0.001699235,0,2.5,157.5
2017,S,MAM,BALEEN WHALES NEI,23,0,3,93,3,0.032258065,0,7.5,132.5
2018,S,MAM,BALEEN WHALES NEI,143,0,3,4611,3,0.000650618,0,-2.5,167.5
2019,S,MAM,BALEEN WHALES NEI,121,0,1,1799,1,0.000555864,0,-2.5,157.5
2019,S,MAM,BALEEN WHALES NEI,144,0,1,2620,1,0.000381679,0,-2.5,167.5
2019,S,MAM,BALEEN WHALES NEI,119,0,1,1481,1,0.000675219,0,2.5,152.5
2019,S,MAM,BALEEN WHALES NEI,101,0,1,780,1,0.001282051,0,2.5,157.5
2019,S,MAM,BALEEN WHALES NEI,112,0,1,796,1,0.001256281,0,2.5,162.5
2020,S,MAM,BALEEN WHALES NEI,40,0,1,159,1,0.006289308,0,-7.5,157.5
2020,S,MAM,BALEEN WHALES NEI,36,0,3,456,3,0.006578947,0,-2.5,147.5
2020,S,MAM,BALEEN WHALES NEI,70,0,2,554,2,0.003610108,0,-2.5,152.5
2021,S,MAM,BALEEN WHALES NEI,16,0,5,123,5,0.040650407,0,-2.5,152.5
2021,S,MAM,BALEEN WHALES NEI,6,0,1,80,1,0.0125,0,-2.5,177.5
2023,S,MAM,BALEEN WHALES NEI,84,0,1,1288,1,0.000776398,0,-2.5,-167.5
2023,S,MAM,BALEEN WHALES NEI,109,0,1,1181,1,0.00084674,0,-2.5,157.5
2013,S,MAM,BEAKED WHALES NEI,171,0,4,5724,14,0.002445842,0,-2.5,157.5
2013,S,MAM,BEAKED WHALES NEI,129,0,3,1589,3,0.00188798,0,-2.5,172.5
2014,S,MAM,BEAKED WHALES NEI,114,0,2,1135,2,0.001762115,0,-2.5,157.5
2014,S,MAM,BEAKED WHALES NEI,136,0,1,3862,1,0.000258933,0,2.5,167.5
2015,S,MAM,BEAKED WHALES NEI,54,0,4,535,4,0.007476636,0,-2.5,-172.5
2015,S,MAM,BEAKED WHALES NEI,58,0,11,481,11,0.022869023,0,2.5,147.5
2015,S,MAM,BEAKED WHALES NEI,137,0,0,1270,1,0.000787402,0,2.5,172.5
2016,S,MAM,BEAKED WHALES NEI,88,0,2,738,2,0.002710027,0,-7.5,-177.5
2016,S,MAM,BEAKED WHALES NEI,108,0,1,1173,1,0.000852515,0,2.5,152.5
2017,S,MAM,BEAKED WHALES NEI,127,0,0,1477,1,0.000677048,0,-2.5,152.5
2017,S,MAM,BEAKED WHALES NEI,121,0,4,753,4,0.005312085,0,-2.5,162.5
2017,S,MAM,BEAKED WHALES NEI,123,0,0,1177,1,0.000849618,0,2.5,157.5
2018,S,MAM,BEAKED WHALES NEI,143,0,1,4611,1,0.000216873,0,-2.5,167.5
2019,S,MAM,BEAKED WHALES NEI,44,0,0,462,4,0.008658009,0,7.5,137.5
2019,S,MAM,BEAKED WHALES NEI,57,0,0,444,4,0.009009009,0,7.5,142.5
2019,S,MAM,BEAKED WHALES NEI,13,0,2,38,2,0.052631579,0,12.5,137.5
2020,S,MAM,BEAKED WHALES NEI,36,0,8,456,8,0.01754386,0,-2.5,147.5
2020,S,MAM,BEAKED WHALES NEI,70,0,1,554,1,0.001805054,0,-2.5,152.5
2020,S,MAM,BEAKED WHALES NEI,84,0,1,663,2,0.003016591,0,-2.5,157.5
2020,S,MAM,BEAKED WHALES NEI,78,0,1,599,1,0.001669449,0,2.5,152.5
2023,S,MAM,BEAKED WHALES NEI,98,0,3,1472,3,0.002038043,0,2.5,177.5
2013,S,MAM,BLAINVILLE'S BEAKED WHALE,171,0,1,5724,1,0.000174703,0,-2.5,157.5
2013,S,MAM,BLAINVILLE'S BEAKED WHALE,129,0,2,1589,2,0.001258653,0,-2.5,172.5
2014,S,MAM,BLAINVILLE'S BEAKED WHALE,163,0,6,3778,6,0.001588142,0,-2.5,172.5
2014,S,MAM,BLAINVILLE'S BEAKED WHALE,134,0,0,2569,2,0.000778513,0,2.5,172.5
2015,S,MAM,BLAINVILLE'S BEAKED WHALE,89,0,2,750,2,0.002666667,0,-7.5,162.5
2015,S,MAM,BLAINVILLE'S BEAKED WHALE,145,0,3,1619,3,0.001852996,0,2.5,162.5
2017,S,MAM,BLAINVILLE'S BEAKED WHALE,59,6,6,830,12,0.014457831,0.007228916,7.5,137.5
2019,S,MAM,BLAINVILLE'S BEAKED WHALE,97,0,2,1382,2,0.001447178,0,-2.5,147.5
2013,S,MAM,BLUE WHALE,56,0,0,357,3,0.008403361,0,-7.5,177.5
2013,S,MAM,BLUE WHALE,129,0,1,2193,1,0.000455996,0,2.5,167.5
2014,S,MAM,BLUE WHALE,85,0,0,2590,1,0.0003861,0,-2.5,-172.5
2014,S,MAM,BLUE WHALE,109,0,1,1213,1,0.000824402,0,2.5,162.5
2015,S,MAM,BLUE WHALE,88,0,1,763,1,0.001310616,0,-7.5,167.5
2015,S,MAM,BLUE WHALE,21,0,1,47,1,0.021276596,0,7.5,157.5
2016,S,MAM,BLUE WHALE,108,0,1,1173,1,0.000852515,0,2.5,152.5
2016,S,MAM,BLUE WHALE,108,0,0,1028,1,0.000972763,0,2.5,177.5
2017,S,MAM,BLUE WHALE,105,0,1,1929,1,0.000518403,0,-2.5,-177.5
2017,S,MAM,BLUE WHALE,65,0,2,728,2,0.002747253,0,-2.5,-167.5
2017,S,MAM,BLUE WHALE,133,1,0,2586,1,0.000386698,0.000386698,-2.5,177.5
2017,S,MAM,BLUE WHALE,59,0,1,830,1,0.001204819,0,7.5,137.5
2017,S,MAM,BLUE WHALE,70,0,2,622,2,0.003215434,0,7.5,142.5
2018,S,MAM,BLUE WHALE,125,1,0,2368,1,0.000422297,0.000422297,2.5,147.5
2019,S,MAM,BLUE WHALE,123,0,1,1633,1,0.00061237,0,-2.5,152.5
2019,S,MAM,BLUE WHALE,121,0,0,1799,1,0.000555864,0,-2.5,157.5
2019,S,MAM,BLUE WHALE,144,0,1,2620,1,0.000381679,0,-2.5,167.5
2019,S,MAM,BLUE WHALE,126,0,1,2192,1,0.000456204,0,2.5,177.5
2019,S,MAM,BLUE WHALE,35,0,2,171,2,0.011695906,0,12.5,142.5
2020,S,MAM,BLUE WHALE,84,0,1,663,1,0.001508296,0,-2.5,157.5
2020,S,MAM,BLUE WHALE,103,0,1,944,1,0.001059322,0,-2.5,172.5
2020,S,MAM,BLUE WHALE,50,0,1,324,1,0.00308642,0,2.5,147.5
2013,S,MAM,BRYDE'S WHALE,33,0,1,265,1,0.003773585,0,-12.5,157.5
2013,S,MAM,BRYDE'S WHALE,40,0,1,400,1,0.0025,0,-7.5,-172.5
2013,S,MAM,BRYDE'S WHALE,97,0,2,699,2,0.00286123,0,-7.5,157.5
2013,S,MAM,BRYDE'S WHALE,59,0,1,522,1,0.001915709,0,-2.5,142.5
2013,S,MAM,BRYDE'S WHALE,113,0,2,795,2,0.002515723,0,-2.5,147.5
2013,S,MAM,BRYDE'S WHALE,162,0,13,2462,13,0.00528026,0,-2.5,152.5
2013,S,MAM,BRYDE'S WHALE,171,0,14,5724,15,0.002620545,0,-2.5,157.5
2013,S,MAM,BRYDE'S WHALE,161,0,5,2583,5,0.001935734,0,-2.5,162.5
2013,S,MAM,BRYDE'S WHALE,162,0,11,3431,11,0.003206062,0,-2.5,167.5
2013,S,MAM,BRYDE'S WHALE,129,0,1,1589,1,0.000629327,0,-2.5,172.5
2013,S,MAM,BRYDE'S WHALE,151,0,1,2252,1,0.00044405,0,2.5,152.5
2013,S,MAM,BRYDE'S WHALE,134,0,3,1786,3,0.001679731,0,2.5,157.5
2013,S,MAM,BRYDE'S WHALE,95,0,1,753,1,0.001328021,0,2.5,162.5
2013,S,MAM,BRYDE'S WHALE,129,0,4,2193,4,0.001823985,0,2.5,167.5
2014,S,MAM,BRYDE'S WHALE,88,0,1,907,1,0.001102536,0,-7.5,-177.5
2014,S,MAM,BRYDE'S WHALE,63,0,4,878,4,0.004555809,0,-7.5,152.5
2014,S,MAM,BRYDE'S WHALE,47,0,1,177,1,0.005649718,0,-7.5,157.5
2014,S,MAM,BRYDE'S WHALE,92,0,4,762,4,0.005249344,0,-7.5,177.5
2014,S,MAM,BRYDE'S WHALE,98,0,1,1263,1,0.000791766,0,-2.5,-177.5
2014,S,MAM,BRYDE'S WHALE,85,0,2,2590,2,0.000772201,0,-2.5,-172.5
2014,S,MAM,BRYDE'S WHALE,93,0,3,858,3,0.003496503,0,-2.5,152.5
2014,S,MAM,BRYDE'S WHALE,163,0,1,3778,1,0.00026469,0,-2.5,172.5
2014,S,MAM,BRYDE'S WHALE,149,0,2,2653,2,0.000753864,0,-2.5,177.5
2014,S,MAM,BRYDE'S WHALE,104,0,1,1080,1,0.000925926,0,2.5,157.5
2014,S,MAM,BRYDE'S WHALE,109,0,1,1213,1,0.000824402,0,2.5,162.5
2014,S,MAM,BRYDE'S WHALE,136,0,3,3862,3,0.0007768,0,2.5,167.5
2014,S,MAM,BRYDE'S WHALE,134,0,3,2569,3,0.00116777,0,2.5,172.5
2015,S,MAM,BRYDE'S WHALE,105,0,10,2201,10,0.004543389,0,-7.5,-167.5
2015,S,MAM,BRYDE'S WHALE,27,0,1,269,1,0.003717472,0,-7.5,-152.5
2015,S,MAM,BRYDE'S WHALE,89,0,5,750,5,0.006666667,0,-7.5,162.5
2015,S,MAM,BRYDE'S WHALE,88,0,1,763,1,0.001310616,0,-7.5,167.5
2015,S,MAM,BRYDE'S WHALE,94,0,1,915,1,0.001092896,0,-7.5,177.5
2015,S,MAM,BRYDE'S WHALE,54,0,6,535,6,0.011214953,0,-2.5,-172.5
2015,S,MAM,BRYDE'S WHALE,129,0,5,2676,5,0.00186846,0,-2.5,-167.5
2015,S,MAM,BRYDE'S WHALE,40,0,2,295,2,0.006779661,0,-2.5,-152.5
2015,S,MAM,BRYDE'S WHALE,43,0,1,275,1,0.003636364,0,-2.5,147.5
2015,S,MAM,BRYDE'S WHALE,84,0,8,481,8,0.016632017,0,-2.5,162.5
2015,S,MAM,BRYDE'S WHALE,158,0,1,2076,1,0.000481696,0,-2.5,172.5
2015,S,MAM,BRYDE'S WHALE,147,0,5,2079,5,0.002405002,0,-2.5,177.5
2015,S,MAM,BRYDE'S WHALE,40,0,2,437,2,0.004576659,0,2.5,-157.5
2015,S,MAM,BRYDE'S WHALE,58,0,1,481,1,0.002079002,0,2.5,147.5
2015,S,MAM,BRYDE'S WHALE,108,0,2,986,2,0.002028398,0,2.5,157.5
2015,S,MAM,BRYDE'S WHALE,145,0,1,1619,1,0.000617665,0,2.5,162.5
2015,S,MAM,BRYDE'S WHALE,155,0,2,2102,2,0.000951475,0,2.5,167.5
2015,S,MAM,BRYDE'S WHALE,137,0,1,1270,1,0.000787402,0,2.5,172.5
2015,S,MAM,BRYDE'S WHALE,147,0,10,1375,10,0.007272727,0,2.5,177.5
2016,S,MAM,BRYDE'S WHALE,29,0,1,121,1,0.008264463,0,-12.5,162.5
2016,S,MAM,BRYDE'S WHALE,70,0,1,571,1,0.001751313,0,-7.5,152.5
2016,S,MAM,BRYDE'S WHALE,58,0,1,342,1,0.002923977,0,-7.5,157.5
2016,S,MAM,BRYDE'S WHALE,118,0,11,1073,11,0.010251631,0,-7.5,162.5
2016,S,MAM,BRYDE'S WHALE,17,0,1,94,1,0.010638298,0,-2.5,-157.5
2016,S,MAM,BRYDE'S WHALE,29,0,1,175,1,0.005714286,0,-2.5,142.5
2016,S,MAM,BRYDE'S WHALE,56,0,1,415,1,0.002409639,0,-2.5,147.5
2016,S,MAM,BRYDE'S WHALE,114,0,5,1132,5,0.004416961,0,-2.5,152.5
2016,S,MAM,BRYDE'S WHALE,150,1,8,2059,9,0.004371054,0.000485673,-2.5,157.5
2016,S,MAM,BRYDE'S WHALE,145,0,8,1007,8,0.007944389,0,-2.5,162.5
2016,S,MAM,BRYDE'S WHALE,150,0,7,2513,7,0.002785515,0,-2.5,167.5
2016,S,MAM,BRYDE'S WHALE,137,0,0,2400,1,0.000416667,0,-2.5,172.5
2016,S,MAM,BRYDE'S WHALE,151,0,5,2591,5,0.001929757,0,-2.5,177.5
2016,S,MAM,BRYDE'S WHALE,7,0,4,77,4,0.051948052,0,2.5,132.5
2016,S,MAM,BRYDE'S WHALE,108,0,4,1173,4,0.00341006,0,2.5,152.5
2016,S,MAM,BRYDE'S WHALE,125,0,1,1221,1,0.000819001,0,2.5,157.5
2016,S,MAM,BRYDE'S WHALE,145,0,14,2002,14,0.006993007,0,2.5,167.5
2017,S,MAM,BRYDE'S WHALE,28,0,2,131,2,0.015267176,0,-12.5,167.5
2017,S,MAM,BRYDE'S WHALE,78,0,3,993,3,0.003021148,0,-7.5,152.5
2017,S,MAM,BRYDE'S WHALE,106,0,8,1419,19,0.013389711,0,-7.5,167.5
2017,S,MAM,BRYDE'S WHALE,105,0,1,1929,1,0.000518403,0,-2.5,-177.5
2017,S,MAM,BRYDE'S WHALE,46,0,0,291,1,0.003436426,0,-2.5,142.5
2017,S,MAM,BRYDE'S WHALE,127,0,1,1477,1,0.000677048,0,-2.5,152.5
2017,S,MAM,BRYDE'S WHALE,157,0,15,2505,17,0.006786427,0,-2.5,157.5
2017,S,MAM,BRYDE'S WHALE,136,0,9,2391,10,0.00418235,0,-2.5,167.5
2017,S,MAM,BRYDE'S WHALE,130,0,2,1876,2,0.001066098,0,-2.5,172.5
2017,S,MAM,BRYDE'S WHALE,133,0,5,2586,5,0.001933488,0,-2.5,177.5
2017,S,MAM,BRYDE'S WHALE,85,0,0,958,3,0.003131524,0,2.5,142.5
2017,S,MAM,BRYDE'S WHALE,103,0,1,733,1,0.001364256,0,2.5,147.5
2017,S,MAM,BRYDE'S WHALE,128,0,3,1360,3,0.002205882,0,2.5,152.5
2017,S,MAM,BRYDE'S WHALE,123,0,3,1177,3,0.002548853,0,2.5,157.5
2017,S,MAM,BRYDE'S WHALE,89,0,2,1012,2,0.001976285,0,2.5,167.5
2017,S,MAM,BRYDE'S WHALE,99,0,3,916,3,0.003275109,0,2.5,177.5
2017,S,MAM,BRYDE'S WHALE,23,0,4,93,4,0.043010753,0,7.5,132.5
2017,S,MAM,BRYDE'S WHALE,59,0,9,830,11,0.013253012,0,7.5,137.5
2017,S,MAM,BRYDE'S WHALE,70,0,12,622,13,0.020900322,0,7.5,142.5
2018,S,MAM,BRYDE'S WHALE,15,0,2,61,2,0.032786885,0,-12.5,157.5
2018,S,MAM,BRYDE'S WHALE,41,0,2,366,2,0.005464481,0,-7.5,152.5
2018,S,MAM,BRYDE'S WHALE,50,0,2,343,2,0.005830904,0,-7.5,157.5
2018,S,MAM,BRYDE'S WHALE,78,0,0,790,5,0.006329114,0,-2.5,-177.5
2018,S,MAM,BRYDE'S WHALE,95,0,1,1290,1,0.000775194,0,-2.5,-167.5
2018,S,MAM,BRYDE'S WHALE,134,0,4,1710,4,0.002339181,0,-2.5,152.5
2018,S,MAM,BRYDE'S WHALE,127,0,2,1661,2,0.001204094,0,-2.5,157.5
2018,S,MAM,BRYDE'S WHALE,121,0,1,1112,2,0.001798561,0,-2.5,162.5
2018,S,MAM,BRYDE'S WHALE,143,0,12,4611,12,0.002602472,0,-2.5,167.5
2018,S,MAM,BRYDE'S WHALE,120,0,6,1562,6,0.003841229,0,-2.5,172.5
2018,S,MAM,BRYDE'S WHALE,107,0,1,2030,1,0.000492611,0,2.5,142.5
2018,S,MAM,BRYDE'S WHALE,125,0,2,2368,2,0.000844595,0,2.5,147.5
2018,S,MAM,BRYDE'S WHALE,137,0,5,2142,5,0.002334267,0,2.5,152.5
2018,S,MAM,BRYDE'S WHALE,130,0,1,1532,1,0.000652742,0,2.5,157.5
2018,S,MAM,BRYDE'S WHALE,147,0,1,2829,1,0.000353482,0,2.5,167.5
2018,S,MAM,BRYDE'S WHALE,57,0,7,688,9,0.013081395,0,7.5,142.5
2018,S,MAM,BRYDE'S WHALE,79,0,2,971,2,0.002059732,0,7.5,147.5
2019,S,MAM,BRYDE'S WHALE,34,0,4,139,4,0.028776978,0,-7.5,152.5
2019,S,MAM,BRYDE'S WHALE,36,0,1,194,1,0.005154639,0,-7.5,157.5
2019,S,MAM,BRYDE'S WHALE,41,0,1,158,1,0.006329114,0,-7.5,162.5
2019,S,MAM,BRYDE'S WHALE,79,0,6,750,6,0.008,0,-2.5,-162.5
2019,S,MAM,BRYDE'S WHALE,56,0,2,369,2,0.005420054,0,-2.5,142.5
2019,S,MAM,BRYDE'S WHALE,97,0,9,1382,9,0.006512301,0,-2.5,147.5
2019,S,MAM,BRYDE'S WHALE,123,0,12,1633,13,0.007960808,0,-2.5,152.5
2019,S,MAM,BRYDE'S WHALE,121,0,20,1799,21,0.011673152,0,-2.5,157.5
2019,S,MAM,BRYDE'S WHALE,104,0,2,542,2,0.003690037,0,-2.5,162.5
2019,S,MAM,BRYDE'S WHALE,144,0,12,2620,12,0.004580153,0,-2.5,167.5
2019,S,MAM,BRYDE'S WHALE,150,0,15,4755,15,0.003154574,0,-2.5,172.5
2019,S,MAM,BRYDE'S WHALE,158,0,11,5044,12,0.002379064,0,-2.5,177.5
2019,S,MAM,BRYDE'S WHALE,40,0,2,234,2,0.008547009,0,2.5,-177.5
2019,S,MAM,BRYDE'S WHALE,61,0,2,885,2,0.002259887,0,2.5,-167.5
2019,S,MAM,BRYDE'S WHALE,32,0,15,168,18,0.107142857,0,2.5,-162.5
2019,S,MAM,BRYDE'S WHALE,73,0,1,1061,1,0.000942507,0,2.5,142.5
2019,S,MAM,BRYDE'S WHALE,91,0,3,1488,4,0.002688172,0,2.5,147.5
2019,S,MAM,BRYDE'S WHALE,119,0,7,1481,7,0.004726536,0,2.5,152.5
2019,S,MAM,BRYDE'S WHALE,101,1,5,780,20,0.025641026,0.001282051,2.5,157.5
2019,S,MAM,BRYDE'S WHALE,112,0,2,796,2,0.002512563,0,2.5,162.5
2019,S,MAM,BRYDE'S WHALE,105,0,1,700,1,0.001428571,0,2.5,172.5
2019,S,MAM,BRYDE'S WHALE,126,0,2,2192,2,0.000912409,0,2.5,177.5
2019,S,MAM,BRYDE'S WHALE,44,0,6,462,6,0.012987013,0,7.5,137.5
2019,S,MAM,BRYDE'S WHALE,57,0,7,444,8,0.018018018,0,7.5,142.5
2019,S,MAM,BRYDE'S WHALE,13,0,1,38,1,0.026315789,0,12.5,137.5
2020,S,MAM,BRYDE'S WHALE,25,0,1,195,1,0.005128205,0,-12.5,157.5
2020,S,MAM,BRYDE'S WHALE,36,0,4,193,4,0.020725389,0,-12.5,162.5
2020,S,MAM,BRYDE'S WHALE,44,0,1,333,1,0.003003003,0,-12.5,167.5
2020,S,MAM,BRYDE'S WHALE,40,0,2,332,2,0.006024096,0,-2.5,142.5
2020,S,MAM,BRYDE'S WHALE,36,0,4,456,4,0.00877193,0,-2.5,147.5
2020,S,MAM,BRYDE'S WHALE,84,0,1,663,1,0.001508296,0,-2.5,157.5
2020,S,MAM,BRYDE'S WHALE,50,0,8,730,8,0.010958904,0,2.5,142.5
2020,S,MAM,BRYDE'S WHALE,50,0,1,324,1,0.00308642,0,2.5,147.5
2020,S,MAM,BRYDE'S WHALE,78,0,2,599,2,0.003338898,0,2.5,152.5
2020,S,MAM,BRYDE'S WHALE,65,0,1,323,1,0.003095975,0,2.5,162.5
2020,S,MAM,BRYDE'S WHALE,87,0,5,828,5,0.006038647,0,2.5,167.5
2020,S,MAM,BRYDE'S WHALE,67,0,1,596,1,0.001677852,0,2.5,177.5
2020,S,MAM,BRYDE'S WHALE,13,0,2,44,2,0.045454545,0,7.5,142.5
2021,S,MAM,BRYDE'S WHALE,16,0,6,123,6,0.048780488,0,-2.5,152.5
2021,S,MAM,BRYDE'S WHALE,14,0,6,149,6,0.040268456,0,-2.5,157.5
2021,S,MAM,BRYDE'S WHALE,28,0,7,839,7,0.008343266,0,2.5,142.5
2022,S,MAM,BRYDE'S WHALE,15,0,5,101,5,0.04950495,0,-2.5,147.5
2022,S,MAM,BRYDE'S WHALE,45,0,5,436,5,0.01146789,0,-2.5,152.5
2022,S,MAM,BRYDE'S WHALE,38,0,4,288,4,0.013888889,0,2.5,152.5
2023,S,MAM,BRYDE'S WHALE,63,0,2,547,2,0.003656307,0,-7.5,152.5
2023,S,MAM,BRYDE'S WHALE,53,0,1,305,1,0.003278689,0,-7.5,157.5
2023,S,MAM,BRYDE'S WHALE,82,0,1,483,1,0.002070393,0,-2.5,-177.5
2023,S,MAM,BRYDE'S WHALE,84,0,0,1288,1,0.000776398,0,-2.5,-167.5
2023,S,MAM,BRYDE'S WHALE,64,0,2,644,2,0.00310559,0,-2.5,147.5
2023,S,MAM,BRYDE'S WHALE,106,0,11,918,11,0.011982571,0,-2.5,152.5
2023,S,MAM,BRYDE'S WHALE,109,0,3,1181,3,0.00254022,0,-2.5,157.5
2023,S,MAM,BRYDE'S WHALE,83,0,6,514,6,0.011673152,0,-2.5,162.5
2023,S,MAM,BRYDE'S WHALE,88,0,2,1140,2,0.001754386,0,-2.5,172.5
2023,S,MAM,BRYDE'S WHALE,58,0,1,853,1,0.001172333,0,2.5,-157.5
2023,S,MAM,BRYDE'S WHALE,79,0,2,656,2,0.00304878,0,2.5,147.5
2023,S,MAM,BRYDE'S WHALE,92,0,5,733,5,0.006821282,0,2.5,152.5
2023,S,MAM,BRYDE'S WHALE,69,0,2,605,2,0.003305785,0,2.5,157.5
2023,S,MAM,BRYDE'S WHALE,97,0,1,1705,1,0.00058651,0,2.5,167.5
2023,S,MAM,BRYDE'S WHALE,98,0,2,1472,2,0.001358696,0,2.5,177.5
2015,S,MAM,CUVIER'S BEAKED WHALE,42,0,1,358,1,0.002793296,0,-7.5,-157.5
2016,S,MAM,CUVIER'S BEAKED WHALE,85,1,1,676,2,0.00295858,0.00147929,-7.5,167.5
2017,S,MAM,CUVIER'S BEAKED WHALE,105,0,14,1929,14,0.007257646,0,-2.5,-177.5
2017,S,MAM,CUVIER'S BEAKED WHALE,133,0,12,2586,12,0.004640371,0,-2.5,177.5
2017,S,MAM,CUVIER'S BEAKED WHALE,103,0,1,733,1,0.001364256,0,2.5,147.5
2018,S,MAM,CUVIER'S BEAKED WHALE,130,0,1,1532,1,0.000652742,0,2.5,157.5
2019,S,MAM,CUVIER'S BEAKED WHALE,150,0,1,4755,1,0.000210305,0,-2.5,172.5
2021,S,MAM,CUVIER'S BEAKED WHALE,14,0,1,149,1,0.006711409,0,-2.5,157.5
2023,S,MAM,CUVIER'S BEAKED WHALE,106,0,1,918,1,0.001089325,0,-2.5,152.5
2014,S,MAM,DWARF SPERM WHALE,69,0,13,457,13,0.028446389,0,-7.5,172.5
2016,S,MAM,DWARF SPERM WHALE,137,0,1,2400,1,0.000416667,0,-2.5,172.5
2017,S,MAM,DWARF SPERM WHALE,157,0,6,2505,6,0.00239521,0,-2.5,157.5
2019,S,MAM,DWARF SPERM WHALE,57,0,2,444,2,0.004504505,0,7.5,142.5
2013,S,MAM,FALSE KILLER WHALE,90,3,28,1227,38,0.030969845,0.002444988,-7.5,152.5
2013,S,MAM,FALSE KILLER WHALE,97,0,2,699,4,0.005722461,0,-7.5,157.5
2013,S,MAM,FALSE KILLER WHALE,102,0,69,1038,69,0.066473988,0,-7.5,162.5
2013,S,MAM,FALSE KILLER WHALE,54,0,1,502,1,0.001992032,0,-2.5,-177.5
2013,S,MAM,FALSE KILLER WHALE,41,0,2,481,2,0.004158004,0,-2.5,-172.5
2013,S,MAM,FALSE KILLER WHALE,24,0,1,108,1,0.009259259,0,-2.5,-157.5
2013,S,MAM,FALSE KILLER WHALE,59,0,13,522,13,0.024904215,0,-2.5,142.5
2013,S,MAM,FALSE KILLER WHALE,113,0,31,795,33,0.041509434,0,-2.5,147.5
2013,S,MAM,FALSE KILLER WHALE,162,0,137,2462,141,0.057270512,0,-2.5,152.5
2013,S,MAM,FALSE KILLER WHALE,171,5,115,5724,131,0.022886094,0.000873515,-2.5,157.5
2013,S,MAM,FALSE KILLER WHALE,161,0,53,2583,54,0.020905923,0,-2.5,162.5
2013,S,MAM,FALSE KILLER WHALE,162,8,70,3431,78,0.022733897,0.002331682,-2.5,167.5
2013,S,MAM,FALSE KILLER WHALE,129,0,10,1589,10,0.006293266,0,-2.5,172.5
2013,S,MAM,FALSE KILLER WHALE,93,0,22,838,23,0.027446301,0,-2.5,177.5
2013,S,MAM,FALSE KILLER WHALE,94,0,35,992,35,0.035282258,0,2.5,142.5
2013,S,MAM,FALSE KILLER WHALE,128,0,31,1847,31,0.016783974,0,2.5,147.5
2013,S,MAM,FALSE KILLER WHALE,151,0,41,2252,41,0.018206039,0,2.5,152.5
2013,S,MAM,FALSE KILLER WHALE,134,0,38,1786,38,0.021276596,0,2.5,157.5
2013,S,MAM,FALSE KILLER WHALE,95,0,12,753,12,0.015936255,0,2.5,162.5
2013,S,MAM,FALSE KILLER WHALE,129,31,29,2193,60,0.027359781,0.014135887,2.5,167.5
2013,S,MAM,FALSE KILLER WHALE,80,0,1,451,1,0.002217295,0,2.5,172.5
2013,S,MAM,FALSE KILLER WHALE,50,0,1,254,1,0.003937008,0,7.5,142.5
2014,S,MAM,FALSE KILLER WHALE,63,0,32,878,32,0.036446469,0,-7.5,152.5
2014,S,MAM,FALSE KILLER WHALE,47,0,8,177,8,0.04519774,0,-7.5,157.5
2014,S,MAM,FALSE KILLER WHALE,34,0,2,148,2,0.013513514,0,-7.5,167.5
2014,S,MAM,FALSE KILLER WHALE,69,0,18,457,18,0.039387309,0,-7.5,172.5
2014,S,MAM,FALSE KILLER WHALE,92,0,19,762,19,0.024934383,0,-7.5,177.5
2014,S,MAM,FALSE KILLER WHALE,98,0,5,1263,5,0.003958828,0,-2.5,-177.5
2014,S,MAM,FALSE KILLER WHALE,85,1,39,2590,41,0.015830116,0.0003861,-2.5,-172.5
2014,S,MAM,FALSE KILLER WHALE,63,0,2,1245,2,0.001606426,0,-2.5,-167.5
2014,S,MAM,FALSE KILLER WHALE,25,0,1,112,2,0.017857143,0,-2.5,-157.5
2014,S,MAM,FALSE KILLER WHALE,29,0,8,155,8,0.051612903,0,-2.5,142.5
2014,S,MAM,FALSE KILLER WHALE,48,0,20,334,20,0.05988024,0,-2.5,147.5
2014,S,MAM,FALSE KILLER WHALE,93,0,48,858,48,0.055944056,0,-2.5,152.5
2014,S,MAM,FALSE KILLER WHALE,114,0,91,1135,91,0.080176211,0,-2.5,157.5
2014,S,MAM,FALSE KILLER WHALE,131,0,35,978,35,0.035787321,0,-2.5,162.5
2014,S,MAM,FALSE KILLER WHALE,157,0,119,3273,147,0.044912924,0,-2.5,167.5
2014,S,MAM,FALSE KILLER WHALE,163,3,184,3778,203,0.053732133,0.000794071,-2.5,172.5
2014,S,MAM,FALSE KILLER WHALE,149,0,116,2653,129,0.048624199,0,-2.5,177.5
2014,S,MAM,FALSE KILLER WHALE,26,0,2,90,2,0.022222222,0,2.5,-167.5
2014,S,MAM,FALSE KILLER WHALE,49,0,2,431,2,0.004640371,0,2.5,142.5
2014,S,MAM,FALSE KILLER WHALE,54,0,1,352,1,0.002840909,0,2.5,147.5
2014,S,MAM,FALSE KILLER WHALE,81,0,17,598,17,0.028428094,0,2.5,152.5
2014,S,MAM,FALSE KILLER WHALE,104,0,12,1080,12,0.011111111,0,2.5,157.5
2014,S,MAM,FALSE KILLER WHALE,109,0,33,1213,35,0.028854081,0,2.5,162.5
2014,S,MAM,FALSE KILLER WHALE,136,0,70,3862,70,0.018125324,0,2.5,167.5
2014,S,MAM,FALSE KILLER WHALE,134,0,43,2569,49,0.019073569,0,2.5,172.5
2014,S,MAM,FALSE KILLER WHALE,86,0,28,495,28,0.056565657,0,2.5,177.5
2015,S,MAM,FALSE KILLER WHALE,94,0,7,1258,7,0.005564388,0,-7.5,-177.5
2015,S,MAM,FALSE KILLER WHALE,105,0,29,2201,29,0.013175829,0,-7.5,-167.5
2015,S,MAM,FALSE KILLER WHALE,76,0,30,943,30,0.031813362,0,-7.5,-162.5
2015,S,MAM,FALSE KILLER WHALE,42,0,0,358,1,0.002793296,0,-7.5,-157.5
2015,S,MAM,FALSE KILLER WHALE,22,0,7,82,7,0.085365854,0,-7.5,157.5
2015,S,MAM,FALSE KILLER WHALE,89,2,2,750,4,0.005333333,0.002666667,-7.5,162.5
2015,S,MAM,FALSE KILLER WHALE,88,0,1,763,1,0.001310616,0,-7.5,167.5
2015,S,MAM,FALSE KILLER WHALE,56,0,8,249,8,0.032128514,0,-7.5,172.5
2015,S,MAM,FALSE KILLER WHALE,94,0,5,915,5,0.005464481,0,-7.5,177.5
2015,S,MAM,FALSE KILLER WHALE,97,2,33,824,35,0.042475728,0.002427184,-2.5,-177.5
2015,S,MAM,FALSE KILLER WHALE,54,0,14,535,14,0.026168224,0,-2.5,-172.5
2015,S,MAM,FALSE KILLER WHALE,129,1,32,2676,33,0.012331839,0.000373692,-2.5,-167.5
2015,S,MAM,FALSE KILLER WHALE,94,0,15,1193,15,0.012573345,0,-2.5,-162.5
2015,S,MAM,FALSE KILLER WHALE,62,1,26,1415,27,0.019081272,0.000706714,-2.5,-157.5
2015,S,MAM,FALSE KILLER WHALE,43,0,10,275,10,0.036363636,0,-2.5,147.5
2015,S,MAM,FALSE KILLER WHALE,61,0,3,290,3,0.010344828,0,-2.5,152.5
2015,S,MAM,FALSE KILLER WHALE,86,1,4,454,7,0.015418502,0.002202643,-2.5,157.5
2015,S,MAM,FALSE KILLER WHALE,84,0,14,481,14,0.029106029,0,-2.5,162.5
2015,S,MAM,FALSE KILLER WHALE,142,1,31,1734,32,0.018454441,0.000576701,-2.5,167.5
2015,S,MAM,FALSE KILLER WHALE,158,11,28,2076,39,0.018786127,0.005298651,-2.5,172.5
2015,S,MAM,FALSE KILLER WHALE,147,0,42,2079,49,0.023569024,0,-2.5,177.5
2015,S,MAM,FALSE KILLER WHALE,54,0,7,553,8,0.014466546,0,2.5,-167.5
2015,S,MAM,FALSE KILLER WHALE,40,0,4,437,4,0.009153318,0,2.5,-157.5
2015,S,MAM,FALSE KILLER WHALE,22,0,3,136,3,0.022058824,0,2.5,-152.5
2015,S,MAM,FALSE KILLER WHALE,58,0,2,481,2,0.004158004,0,2.5,147.5
2015,S,MAM,FALSE KILLER WHALE,79,0,4,514,4,0.007782101,0,2.5,152.5
2015,S,MAM,FALSE KILLER WHALE,108,0,52,986,52,0.052738337,0,2.5,157.5
2015,S,MAM,FALSE KILLER WHALE,145,0,8,1619,8,0.004941322,0,2.5,162.5
2015,S,MAM,FALSE KILLER WHALE,155,1,40,2102,47,0.022359657,0.000475737,2.5,167.5
2015,S,MAM,FALSE KILLER WHALE,137,0,3,1270,4,0.003149606,0,2.5,172.5
2015,S,MAM,FALSE KILLER WHALE,147,0,4,1375,4,0.002909091,0,2.5,177.5
2015,S,MAM,FALSE KILLER WHALE,24,0,1,46,1,0.02173913,0,7.5,162.5
2016,S,MAM,FALSE KILLER WHALE,16,0,5,117,5,0.042735043,0,-12.5,157.5
2016,S,MAM,FALSE KILLER WHALE,29,0,4,121,4,0.033057851,0,-12.5,162.5
2016,S,MAM,FALSE KILLER WHALE,88,0,7,738,7,0.009485095,0,-7.5,-177.5
2016,S,MAM,FALSE KILLER WHALE,33,0,2,169,2,0.01183432,0,-7.5,-162.5
2016,S,MAM,FALSE KILLER WHALE,30,0,2,216,2,0.009259259,0,-7.5,-152.5
2016,S,MAM,FALSE KILLER WHALE,70,3,12,571,15,0.026269702,0.00525394,-7.5,152.5
2016,S,MAM,FALSE KILLER WHALE,118,0,8,1073,8,0.007455732,0,-7.5,162.5
2016,S,MAM,FALSE KILLER WHALE,85,0,4,676,4,0.00591716,0,-7.5,167.5
2016,S,MAM,FALSE KILLER WHALE,75,0,20,282,20,0.070921986,0,-7.5,172.5
2016,S,MAM,FALSE KILLER WHALE,104,0,1,1059,1,0.000944287,0,-7.5,177.5
2016,S,MAM,FALSE KILLER WHALE,119,0,8,1583,8,0.005053696,0,-2.5,-177.5
2016,S,MAM,FALSE KILLER WHALE,17,0,1,94,1,0.010638298,0,-2.5,-157.5
2016,S,MAM,FALSE KILLER WHALE,21,0,16,82,16,0.195121951,0,-2.5,-152.5
2016,S,MAM,FALSE KILLER WHALE,56,0,10,415,10,0.024096386,0,-2.5,147.5
2016,S,MAM,FALSE KILLER WHALE,114,10,51,1132,64,0.056537102,0.008833922,-2.5,152.5
2016,S,MAM,FALSE KILLER WHALE,150,0,60,2059,60,0.029140359,0,-2.5,157.5
2016,S,MAM,FALSE KILLER WHALE,145,0,36,1007,40,0.039721946,0,-2.5,162.5
2016,S,MAM,FALSE KILLER WHALE,150,0,77,2513,77,0.030640669,0,-2.5,167.5
2016,S,MAM,FALSE KILLER WHALE,137,0,35,2400,35,0.014583333,0,-2.5,172.5
2016,S,MAM,FALSE KILLER WHALE,151,4,17,2591,21,0.008104979,0.001543805,-2.5,177.5
2016,S,MAM,FALSE KILLER WHALE,34,1,0,2201,1,0.000454339,0.000454339,2.5,137.5
2016,S,MAM,FALSE KILLER WHALE,73,0,2,499,2,0.004008016,0,2.5,147.5
2016,S,MAM,FALSE KILLER WHALE,108,5,23,1173,28,0.023870418,0.004262575,2.5,152.5
2016,S,MAM,FALSE KILLER WHALE,125,0,20,1221,21,0.017199017,0,2.5,157.5
2016,S,MAM,FALSE KILLER WHALE,145,1,25,2002,28,0.013986014,0.0004995,2.5,167.5
2016,S,MAM,FALSE KILLER WHALE,107,0,1,1025,1,0.00097561,0,2.5,172.5
2016,S,MAM,FALSE KILLER WHALE,108,0,14,1028,14,0.013618677,0,2.5,177.5
2016,S,MAM,FALSE KILLER WHALE,50,0,2,161,2,0.01242236,0,7.5,157.5
2016,S,MAM,FALSE KILLER WHALE,63,0,2,266,2,0.007518797,0,7.5,162.5
2017,S,MAM,FALSE KILLER WHALE,26,0,1,70,1,0.014285714,0,-12.5,162.5
2017,S,MAM,FALSE KILLER WHALE,28,0,7,131,7,0.053435115,0,-12.5,167.5
2017,S,MAM,FALSE KILLER WHALE,92,0,5,914,5,0.00547046,0,-7.5,-177.5
2017,S,MAM,FALSE KILLER WHALE,78,2,37,993,42,0.042296073,0.002014099,-7.5,152.5
2017,S,MAM,FALSE KILLER WHALE,114,1,3,1079,4,0.003707136,0.000926784,-7.5,162.5
2017,S,MAM,FALSE KILLER WHALE,106,0,14,1419,15,0.010570825,0,-7.5,167.5
2017,S,MAM,FALSE KILLER WHALE,105,0,2,1929,2,0.001036807,0,-2.5,-177.5
2017,S,MAM,FALSE KILLER WHALE,13,0,1,103,1,0.009708738,0,-2.5,-162.5
2017,S,MAM,FALSE KILLER WHALE,46,0,13,291,13,0.04467354,0,-2.5,142.5
2017,S,MAM,FALSE KILLER WHALE,80,0,18,731,18,0.024623803,0,-2.5,147.5
2017,S,MAM,FALSE KILLER WHALE,127,4,65,1477,70,0.047393365,0.002708192,-2.5,152.5
2017,S,MAM,FALSE KILLER WHALE,157,0,98,2505,105,0.041916168,0,-2.5,157.5
2017,S,MAM,FALSE KILLER WHALE,121,1,67,753,68,0.090305445,0.001328021,-2.5,162.5
2017,S,MAM,FALSE KILLER WHALE,136,0,20,2391,23,0.009619406,0,-2.5,167.5
2017,S,MAM,FALSE KILLER WHALE,130,0,24,1876,25,0.013326226,0,-2.5,172.5
2017,S,MAM,FALSE KILLER WHALE,133,0,35,2586,36,0.013921114,0,-2.5,177.5
2017,S,MAM,FALSE KILLER WHALE,43,0,1,2245,1,0.000445434,0,2.5,137.5
2017,S,MAM,FALSE KILLER WHALE,85,0,12,958,12,0.012526096,0,2.5,142.5
2017,S,MAM,FALSE KILLER WHALE,103,0,23,733,23,0.031377899,0,2.5,147.5
2017,S,MAM,FALSE KILLER WHALE,128,1,27,1360,28,0.020588235,0.000735294,2.5,152.5
2017,S,MAM,FALSE KILLER WHALE,123,0,21,1177,21,0.017841971,0,2.5,157.5
2017,S,MAM,FALSE KILLER WHALE,90,0,1,569,1,0.001757469,0,2.5,162.5
2017,S,MAM,FALSE KILLER WHALE,89,0,19,1012,19,0.018774704,0,2.5,167.5
2017,S,MAM,FALSE KILLER WHALE,73,0,3,519,3,0.005780347,0,2.5,172.5
2017,S,MAM,FALSE KILLER WHALE,99,1,21,916,25,0.027292576,0.001091703,2.5,177.5
2017,S,MAM,FALSE KILLER WHALE,23,0,3,93,3,0.032258065,0,7.5,132.5
2017,S,MAM,FALSE KILLER WHALE,59,0,31,830,31,0.037349398,0,7.5,137.5
2017,S,MAM,FALSE KILLER WHALE,70,0,5,622,5,0.008038585,0,7.5,142.5
2017,S,MAM,FALSE KILLER WHALE,61,0,2,404,2,0.004950495,0,7.5,147.5
2017,S,MAM,FALSE KILLER WHALE,33,0,1,132,1,0.007575758,0,7.5,177.5
2018,S,MAM,FALSE KILLER WHALE,83,0,9,853,9,0.010550996,0,-7.5,-177.5
2018,S,MAM,FALSE KILLER WHALE,50,0,1,343,7,0.020408163,0,-7.5,157.5
2018,S,MAM,FALSE KILLER WHALE,59,0,1,365,1,0.002739726,0,-7.5,167.5
2018,S,MAM,FALSE KILLER WHALE,81,0,0,601,20,0.03327787,0,-7.5,177.5
2018,S,MAM,FALSE KILLER WHALE,78,0,1,790,1,0.001265823,0,-2.5,-177.5
2018,S,MAM,FALSE KILLER WHALE,95,0,3,1290,3,0.002325581,0,-2.5,-167.5
2018,S,MAM,FALSE KILLER WHALE,43,0,1,505,1,0.001980198,0,-2.5,-162.5
2018,S,MAM,FALSE KILLER WHALE,91,0,11,987,24,0.024316109,0,-2.5,147.5
2018,S,MAM,FALSE KILLER WHALE,134,0,21,1710,27,0.015789474,0,-2.5,152.5
2018,S,MAM,FALSE KILLER WHALE,127,0,11,1661,32,0.019265503,0,-2.5,157.5
2018,S,MAM,FALSE KILLER WHALE,121,0,11,1112,12,0.010791367,0,-2.5,162.5
2018,S,MAM,FALSE KILLER WHALE,143,3,63,4611,85,0.018434179,0.000650618,-2.5,167.5
2018,S,MAM,FALSE KILLER WHALE,120,0,29,1562,42,0.026888604,0,-2.5,172.5
2018,S,MAM,FALSE KILLER WHALE,116,1,20,1499,22,0.014676451,0.000667111,-2.5,177.5
2018,S,MAM,FALSE KILLER WHALE,41,0,2,2185,2,0.000915332,0,2.5,137.5
2018,S,MAM,FALSE KILLER WHALE,107,0,1,2030,2,0.000985222,0,2.5,142.5
2018,S,MAM,FALSE KILLER WHALE,125,0,20,2368,26,0.01097973,0,2.5,147.5
2018,S,MAM,FALSE KILLER WHALE,137,1,24,2142,37,0.017273576,0.000466853,2.5,152.5
2018,S,MAM,FALSE KILLER WHALE,137,0,1,1085,3,0.002764977,0,2.5,162.5
2018,S,MAM,FALSE KILLER WHALE,147,4,51,2829,56,0.019794981,0.001413927,2.5,167.5
2018,S,MAM,FALSE KILLER WHALE,98,13,27,1076,40,0.037174721,0.012081784,2.5,172.5
2018,S,MAM,FALSE KILLER WHALE,89,4,5,705,9,0.012765957,0.005673759,2.5,177.5
2018,S,MAM,FALSE KILLER WHALE,12,0,1,39,1,0.025641026,0,7.5,-177.5
2018,S,MAM,FALSE KILLER WHALE,57,0,7,688,7,0.010174419,0,7.5,142.5
2018,S,MAM,FALSE KILLER WHALE,79,1,4,971,5,0.005149331,0.001029866,7.5,147.5
2018,S,MAM,FALSE KILLER WHALE,44,0,15,211,15,0.071090047,0,7.5,152.5
2019,S,MAM,FALSE KILLER WHALE,48,3,0,459,3,0.006535948,0.006535948,-7.5,-162.5
2019,S,MAM,FALSE KILLER WHALE,36,0,2,194,2,0.010309278,0,-7.5,157.5
2019,S,MAM,FALSE KILLER WHALE,51,0,9,325,9,0.027692308,0,-7.5,167.5
2019,S,MAM,FALSE KILLER WHALE,83,0,0,537,3,0.005586592,0,-7.5,172.5
2019,S,MAM,FALSE KILLER WHALE,98,0,21,1056,21,0.019886364,0,-7.5,177.5
2019,S,MAM,FALSE KILLER WHALE,89,1,6,810,7,0.008641975,0.001234568,-2.5,-177.5
2019,S,MAM,FALSE KILLER WHALE,97,0,7,1707,7,0.004100762,0,-2.5,-167.5
2019,S,MAM,FALSE KILLER WHALE,56,0,0,369,10,0.027100271,0,-2.5,142.5
2019,S,MAM,FALSE KILLER WHALE,97,0,13,1382,21,0.015195369,0,-2.5,147.5
2019,S,MAM,FALSE KILLER WHALE,123,0,36,1633,36,0.022045315,0,-2.5,152.5
2019,S,MAM,FALSE KILLER WHALE,121,0,50,1799,186,0.103390773,0,-2.5,157.5
2019,S,MAM,FALSE KILLER WHALE,104,0,19,542,25,0.046125461,0,-2.5,162.5
2019,S,MAM,FALSE KILLER WHALE,144,8,15,2620,35,0.013358779,0.003053435,-2.5,167.5
2019,S,MAM,FALSE KILLER WHALE,150,25,77,4755,117,0.024605678,0.005257624,-2.5,172.5
2019,S,MAM,FALSE KILLER WHALE,158,1,64,5044,72,0.014274385,0.000198255,-2.5,177.5
2019,S,MAM,FALSE KILLER WHALE,63,0,3,913,3,0.003285871,0,2.5,-172.5
2019,S,MAM,FALSE KILLER WHALE,73,0,4,1061,4,0.003770028,0,2.5,142.5
2019,S,MAM,FALSE KILLER WHALE,91,0,6,1488,6,0.004032258,0,2.5,147.5
2019,S,MAM,FALSE KILLER WHALE,119,0,16,1481,16,0.010803511,0,2.5,152.5
2019,S,MAM,FALSE KILLER WHALE,101,0,3,780,3,0.003846154,0,2.5,157.5
2019,S,MAM,FALSE KILLER WHALE,112,0,3,796,3,0.003768844,0,2.5,162.5
2019,S,MAM,FALSE KILLER WHALE,122,0,7,977,7,0.00716479,0,2.5,167.5
2019,S,MAM,FALSE KILLER WHALE,126,5,2,2192,7,0.003193431,0.002281022,2.5,177.5
2019,S,MAM,FALSE KILLER WHALE,35,0,1,185,1,0.005405405,0,7.5,-167.5
2019,S,MAM,FALSE KILLER WHALE,44,0,1,462,1,0.002164502,0,7.5,137.5
2019,S,MAM,FALSE KILLER WHALE,57,0,7,444,8,0.018018018,0,7.5,142.5
2019,S,MAM,FALSE KILLER WHALE,24,0,2,76,2,0.026315789,0,7.5,157.5
2019,S,MAM,FALSE KILLER WHALE,31,0,4,105,4,0.038095238,0,7.5,162.5
2020,S,MAM,FALSE KILLER WHALE,25,0,0,195,1,0.005128205,0,-12.5,157.5
2020,S,MAM,FALSE KILLER WHALE,44,0,2,333,2,0.006006006,0,-12.5,167.5
2020,S,MAM,FALSE KILLER WHALE,37,0,7,295,8,0.027118644,0,-7.5,152.5
2020,S,MAM,FALSE KILLER WHALE,40,0,2,159,8,0.050314465,0,-7.5,157.5
2020,S,MAM,FALSE KILLER WHALE,30,0,3,115,3,0.026086957,0,-7.5,162.5
2020,S,MAM,FALSE KILLER WHALE,44,0,0,237,1,0.004219409,0,-7.5,167.5
2020,S,MAM,FALSE KILLER WHALE,57,0,12,570,12,0.021052632,0,-2.5,-177.5
2020,S,MAM,FALSE KILLER WHALE,27,0,5,223,5,0.022421525,0,-2.5,-167.5
2020,S,MAM,FALSE KILLER WHALE,40,0,1,332,1,0.003012048,0,-2.5,142.5
2020,S,MAM,FALSE KILLER WHALE,70,0,17,554,17,0.030685921,0,-2.5,152.5
2020,S,MAM,FALSE KILLER WHALE,84,0,3,663,3,0.004524887,0,-2.5,157.5
2020,S,MAM,FALSE KILLER WHALE,64,0,1,319,1,0.003134796,0,-2.5,162.5
2020,S,MAM,FALSE KILLER WHALE,82,0,7,579,13,0.022452504,0,-2.5,167.5
2020,S,MAM,FALSE KILLER WHALE,103,0,12,944,31,0.032838983,0,-2.5,172.5
2020,S,MAM,FALSE KILLER WHALE,98,0,5,1078,15,0.013914657,0,-2.5,177.5
2020,S,MAM,FALSE KILLER WHALE,29,0,1,2116,1,0.00047259,0,2.5,137.5
2020,S,MAM,FALSE KILLER WHALE,50,0,11,324,11,0.033950617,0,2.5,147.5
2020,S,MAM,FALSE KILLER WHALE,78,0,3,599,4,0.006677796,0,2.5,152.5
2020,S,MAM,FALSE KILLER WHALE,87,1,9,828,10,0.012077295,0.001207729,2.5,167.5
2020,S,MAM,FALSE KILLER WHALE,58,0,6,237,6,0.025316456,0,2.5,172.5
2020,S,MAM,FALSE KILLER WHALE,67,0,1,596,13,0.021812081,0,2.5,177.5
2020,S,MAM,FALSE KILLER WHALE,13,0,2,81,2,0.024691358,0,7.5,137.5
2020,S,MAM,FALSE KILLER WHALE,13,0,0,44,3,0.068181818,0,7.5,142.5
2020,S,MAM,FALSE KILLER WHALE,12,0,1,37,1,0.027027027,0,7.5,152.5
2021,S,MAM,FALSE KILLER WHALE,16,0,2,123,2,0.016260163,0,-2.5,152.5
2021,S,MAM,FALSE KILLER WHALE,14,0,1,149,1,0.006711409,0,-2.5,157.5
2021,S,MAM,FALSE KILLER WHALE,27,0,5,1883,5,0.002655337,0,2.5,137.5
2021,S,MAM,FALSE KILLER WHALE,28,0,1,839,1,0.001191895,0,2.5,142.5
2021,S,MAM,FALSE KILLER WHALE,13,0,2,169,2,0.01183432,0,2.5,147.5
2022,S,MAM,FALSE KILLER WHALE,9,0,2,35,2,0.057142857,0,-7.5,157.5
2022,S,MAM,FALSE KILLER WHALE,15,0,0,101,1,0.00990099,0,-2.5,147.5
2022,S,MAM,FALSE KILLER WHALE,45,1,7,436,8,0.018348624,0.002293578,-2.5,152.5
2022,S,MAM,FALSE KILLER WHALE,18,0,1,633,1,0.001579779,0,2.5,142.5
2022,S,MAM,FALSE KILLER WHALE,38,0,13,288,14,0.048611111,0,2.5,152.5
2023,S,MAM,FALSE KILLER WHALE,63,0,2,547,2,0.003656307,0,-7.5,152.5
2023,S,MAM,FALSE KILLER WHALE,53,0,1,305,1,0.003278689,0,-7.5,157.5
2023,S,MAM,FALSE KILLER WHALE,45,0,1,301,1,0.003322259,0,-7.5,162.5
2023,S,MAM,FALSE KILLER WHALE,32,0,0,141,7,0.04964539,0,-7.5,167.5
2023,S,MAM,FALSE KILLER WHALE,82,0,9,483,9,0.01863354,0,-2.5,-177.5
2023,S,MAM,FALSE KILLER WHALE,84,0,13,1288,13,0.010093168,0,-2.5,-167.5
2023,S,MAM,FALSE KILLER WHALE,64,0,9,644,9,0.013975155,0,-2.5,147.5
2023,S,MAM,FALSE KILLER WHALE,106,0,36,918,38,0.041394336,0,-2.5,152.5
2023,S,MAM,FALSE KILLER WHALE,109,0,12,1181,12,0.010160881,0,-2.5,157.5
2023,S,MAM,FALSE KILLER WHALE,83,0,7,514,8,0.015564202,0,-2.5,162.5
2023,S,MAM,FALSE KILLER WHALE,100,2,22,1428,24,0.016806723,0.00140056,-2.5,167.5
2023,S,MAM,FALSE KILLER WHALE,88,0,19,1140,19,0.016666667,0,-2.5,172.5
2023,S,MAM,FALSE KILLER WHALE,99,3,23,1000,28,0.028,0.003,-2.5,177.5
2023,S,MAM,FALSE KILLER WHALE,92,0,1,733,1,0.001364256,0,2.5,152.5
2023,S,MAM,FALSE KILLER WHALE,77,0,21,775,21,0.027096774,0,2.5,172.5
2023,S,MAM,FALSE KILLER WHALE,98,0,7,1472,7,0.004755435,0,2.5,177.5
2016,S,MAM,FIN WHALE,145,0,3,1007,3,0.002979146,0,-2.5,162.5
2017,S,MAM,FIN WHALE,106,0,1,1419,1,0.000704722,0,-7.5,167.5
2017,S,MAM,FIN WHALE,136,0,2,2391,2,0.00083647,0,-2.5,167.5
2017,S,MAM,FIN WHALE,133,0,1,2586,3,0.001160093,0,-2.5,177.5
2017,S,MAM,FIN WHALE,128,0,3,1360,3,0.002205882,0,2.5,152.5
2018,S,MAM,FIN WHALE,95,0,1,1290,1,0.000775194,0,-2.5,-167.5
2018,S,MAM,FIN WHALE,32,0,1,144,1,0.006944444,0,-2.5,142.5
2018,S,MAM,FIN WHALE,134,0,2,1710,2,0.001169591,0,-2.5,152.5
2018,S,MAM,FIN WHALE,143,0,1,4611,1,0.000216873,0,-2.5,167.5
2018,S,MAM,FIN WHALE,137,0,2,2142,2,0.000933707,0,2.5,152.5
2018,S,MAM,FIN WHALE,130,0,2,1532,2,0.001305483,0,2.5,157.5
2018,S,MAM,FIN WHALE,137,0,1,1085,1,0.000921659,0,2.5,162.5
2018,S,MAM,FIN WHALE,89,0,6,705,6,0.008510638,0,2.5,177.5
2019,S,MAM,FIN WHALE,123,0,2,1633,2,0.00122474,0,-2.5,152.5
2019,S,MAM,FIN WHALE,144,0,2,2620,2,0.000763359,0,-2.5,167.5
2019,S,MAM,FIN WHALE,150,0,1,4755,1,0.000210305,0,-2.5,172.5
2019,S,MAM,FIN WHALE,158,0,1,5044,1,0.000198255,0,-2.5,177.5
2020,S,MAM,FIN WHALE,30,0,1,115,1,0.008695652,0,-7.5,162.5
2020,S,MAM,FIN WHALE,78,0,1,599,1,0.001669449,0,2.5,152.5
2020,S,MAM,FIN WHALE,85,0,1,538,1,0.001858736,0,2.5,157.5
2013,S,MAM,GINKGO-TOOTHED BEAKED WHALE,50,0,3,211,3,0.014218009,0,-7.5,172.5
2013,S,MAM,GINKGO-TOOTHED BEAKED WHALE,171,0,9,5724,16,0.002795248,0,-2.5,157.5
2013,S,MAM,GINKGO-TOOTHED BEAKED WHALE,128,0,1,1847,1,0.000541419,0,2.5,147.5
2013,S,MAM,GINKGO-TOOTHED BEAKED WHALE,151,0,1,2252,1,0.00044405,0,2.5,152.5
2014,S,MAM,GINKGO-TOOTHED BEAKED WHALE,63,0,1,878,1,0.001138952,0,-7.5,152.5
2014,S,MAM,GINKGO-TOOTHED BEAKED WHALE,93,0,1,858,1,0.001165501,0,-2.5,152.5
2014,S,MAM,GINKGO-TOOTHED BEAKED WHALE,157,0,2,3273,2,0.00061106,0,-2.5,167.5
2015,S,MAM,GINKGO-TOOTHED BEAKED WHALE,105,0,2,2201,2,0.000908678,0,-7.5,-167.5
2015,S,MAM,GINKGO-TOOTHED BEAKED WHALE,89,0,2,750,2,0.002666667,0,-7.5,162.5
2015,S,MAM,GINKGO-TOOTHED BEAKED WHALE,142,0,1,1734,1,0.000576701,0,-2.5,167.5
2015,S,MAM,GINKGO-TOOTHED BEAKED WHALE,158,0,2,2076,2,0.000963391,0,-2.5,172.5
2015,S,MAM,GINKGO-TOOTHED BEAKED WHALE,54,0,1,553,1,0.001808318,0,2.5,-167.5
2016,S,MAM,GINKGO-TOOTHED BEAKED WHALE,145,0,1,1007,1,0.000993049,0,-2.5,162.5
2019,S,MAM,GINKGO-TOOTHED BEAKED WHALE,123,0,1,1633,1,0.00061237,0,-2.5,152.5
2019,S,MAM,GINKGO-TOOTHED BEAKED WHALE,150,0,1,4755,1,0.000210305,0,-2.5,172.5
2019,S,MAM,GINKGO-TOOTHED BEAKED WHALE,119,0,2,1481,2,0.001350439,0,2.5,152.5
2019,S,MAM,GINKGO-TOOTHED BEAKED WHALE,105,0,1,700,1,0.001428571,0,2.5,172.5
2020,S,MAM,GINKGO-TOOTHED BEAKED WHALE,84,0,1,663,1,0.001508296,0,-2.5,157.5
2020,S,MAM,GINKGO-TOOTHED BEAKED WHALE,58,0,1,237,1,0.004219409,0,2.5,172.5
2013,S,MAM,HUMPBACK WHALE,90,0,1,1227,1,0.000814996,0,-7.5,152.5
2013,S,MAM,HUMPBACK WHALE,97,0,4,699,4,0.005722461,0,-7.5,157.5
2013,S,MAM,HUMPBACK WHALE,171,0,2,5724,2,0.000349406,0,-2.5,157.5
2013,S,MAM,HUMPBACK WHALE,128,0,0,1847,1,0.000541419,0,2.5,147.5
2013,S,MAM,HUMPBACK WHALE,151,0,1,2252,1,0.00044405,0,2.5,152.5
2014,S,MAM,HUMPBACK WHALE,69,0,2,457,2,0.004376368,0,-7.5,172.5
2014,S,MAM,HUMPBACK WHALE,85,0,1,2590,1,0.0003861,0,-2.5,-172.5
2014,S,MAM,HUMPBACK WHALE,149,0,0,2653,1,0.000376932,0,-2.5,177.5
2014,S,MAM,HUMPBACK WHALE,136,0,2,3862,2,0.000517866,0,2.5,167.5
2014,S,MAM,HUMPBACK WHALE,134,0,1,2569,1,0.000389257,0,2.5,172.5
2015,S,MAM,HUMPBACK WHALE,27,0,1,269,1,0.003717472,0,-7.5,-152.5
2015,S,MAM,HUMPBACK WHALE,54,0,1,535,1,0.001869159,0,-2.5,-172.5
2015,S,MAM,HUMPBACK WHALE,94,0,1,1193,1,0.000838223,0,-2.5,-162.5
2015,S,MAM,HUMPBACK WHALE,158,0,1,2076,2,0.000963391,0,-2.5,172.5
2016,S,MAM,HUMPBACK WHALE,118,0,3,1073,3,0.002795899,0,-7.5,162.5
2017,S,MAM,HUMPBACK WHALE,78,0,1,993,1,0.001007049,0,-7.5,152.5
2017,S,MAM,HUMPBACK WHALE,80,0,1,731,1,0.001367989,0,-2.5,147.5
2017,S,MAM,HUMPBACK WHALE,127,0,1,1477,1,0.000677048,0,-2.5,152.5
2018,S,MAM,HUMPBACK WHALE,130,0,2,1532,2,0.001305483,0,2.5,157.5
2019,S,MAM,HUMPBACK WHALE,97,0,1,1382,1,0.000723589,0,-2.5,147.5
2019,S,MAM,HUMPBACK WHALE,158,0,3,5044,3,0.000594766,0,-2.5,177.5
2013,S,MAM,KILLER WHALE,90,0,1,1227,1,0.000814996,0,-7.5,152.5
2015,S,MAM,KILLER WHALE,142,0,4,1734,4,0.002306805,0,-2.5,167.5
2015,S,MAM,KILLER WHALE,137,0,0,1270,10,0.007874016,0,2.5,172.5
2016,S,MAM,KILLER WHALE,16,0,1,117,1,0.008547009,0,-12.5,157.5
2017,S,MAM,KILLER WHALE,123,0,1,1177,1,0.000849618,0,2.5,157.5
2017,S,MAM,KILLER WHALE,70,0,1,622,1,0.001607717,0,7.5,142.5
2019,S,MAM,KILLER WHALE,121,0,1,1799,1,0.000555864,0,-2.5,157.5
2013,S,MAM,MELON-HEADED WHALE,162,0,3,2462,3,0.001218522,0,-2.5,152.5
2013,S,MAM,MELON-HEADED WHALE,129,0,2,1589,2,0.001258653,0,-2.5,172.5
2013,S,MAM,MELON-HEADED WHALE,151,0,7,2252,7,0.003108348,0,2.5,152.5
2013,S,MAM,MELON-HEADED WHALE,129,0,6,2193,6,0.002735978,0,2.5,167.5
2014,S,MAM,MELON-HEADED WHALE,93,0,2,858,2,0.002331002,0,-2.5,152.5
2014,S,MAM,MELON-HEADED WHALE,114,0,3,1135,3,0.002643172,0,-2.5,157.5
2014,S,MAM,MELON-HEADED WHALE,157,0,2,3273,2,0.00061106,0,-2.5,167.5
2014,S,MAM,MELON-HEADED WHALE,163,0,1,3778,1,0.00026469,0,-2.5,172.5
2014,S,MAM,MELON-HEADED WHALE,149,0,2,2653,2,0.000753864,0,-2.5,177.5
2014,S,MAM,MELON-HEADED WHALE,109,0,1,1213,7,0.005770816,0,2.5,162.5
2014,S,MAM,MELON-HEADED WHALE,136,0,1,3862,1,0.000258933,0,2.5,167.5
2014,S,MAM,MELON-HEADED WHALE,134,0,5,2569,5,0.001946283,0,2.5,172.5
2015,S,MAM,MELON-HEADED WHALE,97,0,2,824,2,0.002427184,0,-2.5,-177.5
2015,S,MAM,MELON-HEADED WHALE,62,0,6,1415,6,0.004240283,0,-2.5,-157.5
2015,S,MAM,MELON-HEADED WHALE,158,0,6,2076,6,0.002890173,0,-2.5,172.5
2015,S,MAM,MELON-HEADED WHALE,145,0,3,1619,3,0.001852996,0,2.5,162.5
2015,S,MAM,MELON-HEADED WHALE,155,0,4,2102,4,0.00190295,0,2.5,167.5
2016,S,MAM,MELON-HEADED WHALE,58,0,2,342,2,0.005847953,0,-7.5,157.5
2016,S,MAM,MELON-HEADED WHALE,118,0,2,1073,2,0.001863933,0,-7.5,162.5
2016,S,MAM,MELON-HEADED WHALE,150,0,1,2059,1,0.000485673,0,-2.5,157.5
2017,S,MAM,MELON-HEADED WHALE,92,0,0,914,1,0.001094092,0,-7.5,-177.5
2017,S,MAM,MELON-HEADED WHALE,80,0,1,731,1,0.001367989,0,-2.5,147.5
2017,S,MAM,MELON-HEADED WHALE,130,0,5,1876,5,0.002665245,0,-2.5,172.5
2017,S,MAM,MELON-HEADED WHALE,103,0,6,733,6,0.008185539,0,2.5,147.5
2018,S,MAM,MELON-HEADED WHALE,91,0,1,987,1,0.001013171,0,-2.5,147.5
2018,S,MAM,MELON-HEADED WHALE,134,0,1,1710,1,0.000584795,0,-2.5,152.5
2018,S,MAM,MELON-HEADED WHALE,121,0,0,1112,6,0.005395683,0,-2.5,162.5
2018,S,MAM,MELON-HEADED WHALE,143,0,6,4611,11,0.0023856,0,-2.5,167.5
2018,S,MAM,MELON-HEADED WHALE,107,1,0,2030,1,0.000492611,0.000492611,2.5,142.5
2019,S,MAM,MELON-HEADED WHALE,83,0,0,537,5,0.009310987,0,-7.5,172.5
2019,S,MAM,MELON-HEADED WHALE,144,0,11,2620,11,0.004198473,0,-2.5,167.5
2019,S,MAM,MELON-HEADED WHALE,158,0,2,5044,2,0.000396511,0,-2.5,177.5
2020,S,MAM,MELON-HEADED WHALE,36,0,0,456,1,0.002192982,0,-2.5,147.5
2020,S,MAM,MELON-HEADED WHALE,82,0,0,579,7,0.01208981,0,-2.5,167.5
2020,S,MAM,MELON-HEADED WHALE,85,0,1,538,1,0.001858736,0,2.5,157.5
2023,S,MAM,MELON-HEADED WHALE,53,0,4,305,5,0.016393443,0,-7.5,157.5
2023,S,MAM,MELON-HEADED WHALE,109,0,7,1181,10,0.008467401,0,-2.5,157.5
2023,S,MAM,MELON-HEADED WHALE,100,0,1,1428,1,0.00070028,0,-2.5,167.5
2013,S,MAM,MINKE WHALE,33,0,1,265,1,0.003773585,0,-12.5,157.5
2013,S,MAM,MINKE WHALE,41,0,8,481,8,0.016632017,0,-2.5,-172.5
2014,S,MAM,MINKE WHALE,63,0,1,878,1,0.001138952,0,-7.5,152.5
2014,S,MAM,MINKE WHALE,85,0,2,2590,2,0.000772201,0,-2.5,-172.5
2014,S,MAM,MINKE WHALE,157,0,4,3273,4,0.00122212,0,-2.5,167.5
2014,S,MAM,MINKE WHALE,163,0,3,3778,3,0.000794071,0,-2.5,172.5
2014,S,MAM,MINKE WHALE,136,0,2,3862,2,0.000517866,0,2.5,167.5
2015,S,MAM,MINKE WHALE,76,0,1,943,1,0.001060445,0,-7.5,-162.5
2015,S,MAM,MINKE WHALE,42,0,3,358,3,0.008379888,0,-7.5,-157.5
2015,S,MAM,MINKE WHALE,88,0,1,763,1,0.001310616,0,-7.5,167.5
2015,S,MAM,MINKE WHALE,129,0,2,2676,2,0.000747384,0,-2.5,-167.5
2015,S,MAM,MINKE WHALE,62,0,1,1415,1,0.000706714,0,-2.5,-157.5
2015,S,MAM,MINKE WHALE,40,0,1,295,1,0.003389831,0,-2.5,-152.5
2015,S,MAM,MINKE WHALE,142,0,23,1734,23,0.013264129,0,-2.5,167.5
2015,S,MAM,MINKE WHALE,108,0,1,986,1,0.001014199,0,2.5,157.5
2015,S,MAM,MINKE WHALE,145,0,1,1619,1,0.000617665,0,2.5,162.5
2016,S,MAM,MINKE WHALE,58,0,2,342,2,0.005847953,0,-7.5,157.5
2016,S,MAM,MINKE WHALE,118,0,2,1073,2,0.001863933,0,-7.5,162.5
2016,S,MAM,MINKE WHALE,150,0,7,2059,7,0.003399709,0,-2.5,157.5
2016,S,MAM,MINKE WHALE,150,0,2,2513,2,0.000795862,0,-2.5,167.5
2016,S,MAM,MINKE WHALE,68,0,2,864,2,0.002314815,0,2.5,142.5
2016,S,MAM,MINKE WHALE,73,0,3,499,3,0.006012024,0,2.5,147.5
2016,S,MAM,MINKE WHALE,108,0,3,1173,3,0.002557545,0,2.5,152.5
2016,S,MAM,MINKE WHALE,125,0,2,1221,2,0.001638002,0,2.5,157.5
2016,S,MAM,MINKE WHALE,115,0,3,624,3,0.004807692,0,2.5,162.5
2017,S,MAM,MINKE WHALE,78,0,5,993,5,0.005035247,0,-7.5,152.5
2017,S,MAM,MINKE WHALE,105,0,2,1929,2,0.001036807,0,-2.5,-177.5
2017,S,MAM,MINKE WHALE,46,0,1,291,1,0.003436426,0,-2.5,142.5
2017,S,MAM,MINKE WHALE,127,0,1,1477,1,0.000677048,0,-2.5,152.5
2017,S,MAM,MINKE WHALE,157,0,2,2505,2,0.000798403,0,-2.5,157.5
2017,S,MAM,MINKE WHALE,133,0,2,2586,2,0.000773395,0,-2.5,177.5
2017,S,MAM,MINKE WHALE,99,0,1,916,1,0.001091703,0,2.5,177.5
2017,S,MAM,MINKE WHALE,70,0,2,622,2,0.003215434,0,7.5,142.5
2017,S,MAM,MINKE WHALE,33,0,1,132,1,0.007575758,0,7.5,177.5
2018,S,MAM,MINKE WHALE,41,0,1,366,1,0.00273224,0,-7.5,152.5
2018,S,MAM,MINKE WHALE,134,0,1,1710,1,0.000584795,0,-2.5,152.5
2018,S,MAM,MINKE WHALE,127,0,1,1661,1,0.000602047,0,-2.5,157.5
2018,S,MAM,MINKE WHALE,121,0,2,1112,2,0.001798561,0,-2.5,162.5
2018,S,MAM,MINKE WHALE,143,0,1,4611,1,0.000216873,0,-2.5,167.5
2018,S,MAM,MINKE WHALE,130,0,1,1532,1,0.000652742,0,2.5,157.5
2019,S,MAM,MINKE WHALE,51,0,1,325,1,0.003076923,0,-7.5,167.5
2019,S,MAM,MINKE WHALE,150,0,1,4755,1,0.000210305,0,-2.5,172.5
2020,S,MAM,MINKE WHALE,98,0,1,1078,1,0.000927644,0,-2.5,177.5
2020,S,MAM,MINKE WHALE,78,0,1,599,1,0.001669449,0,2.5,152.5
2013,S,MAM,NORTHERN RIGHT WHALE DOLPHIN,151,0,1,2252,1,0.00044405,0,2.5,152.5
2016,S,MAM,PILOT WHALES NEI,150,0,0,2059,5,0.002428363,0,-2.5,157.5
2013,S,MAM,PYGMY KILLER WHALE,97,6,0,699,6,0.008583691,0.008583691,-7.5,157.5
2013,S,MAM,PYGMY KILLER WHALE,102,0,2,1038,4,0.003853565,0,-7.5,162.5
2013,S,MAM,PYGMY KILLER WHALE,162,0,2,2462,2,0.000812348,0,-2.5,152.5
2013,S,MAM,PYGMY KILLER WHALE,171,0,15,5724,15,0.002620545,0,-2.5,157.5
2013,S,MAM,PYGMY KILLER WHALE,161,0,1,2583,1,0.000387147,0,-2.5,162.5
2013,S,MAM,PYGMY KILLER WHALE,94,0,8,992,8,0.008064516,0,2.5,142.5
2013,S,MAM,PYGMY KILLER WHALE,151,0,1,2252,1,0.00044405,0,2.5,152.5
2013,S,MAM,PYGMY KILLER WHALE,50,0,1,254,1,0.003937008,0,7.5,142.5
2014,S,MAM,PYGMY KILLER WHALE,69,0,1,457,1,0.002188184,0,-7.5,172.5
2014,S,MAM,PYGMY KILLER WHALE,157,0,4,3273,4,0.00122212,0,-2.5,167.5
2014,S,MAM,PYGMY KILLER WHALE,136,0,10,3862,10,0.002589332,0,2.5,167.5
2015,S,MAM,PYGMY KILLER WHALE,129,0,2,2676,2,0.000747384,0,-2.5,-167.5
2015,S,MAM,PYGMY KILLER WHALE,62,0,30,1415,30,0.021201413,0,-2.5,-157.5
2015,S,MAM,PYGMY KILLER WHALE,84,0,6,481,6,0.012474012,0,-2.5,162.5
2015,S,MAM,PYGMY KILLER WHALE,155,0,16,2102,16,0.007611798,0,2.5,167.5
2016,S,MAM,PYGMY KILLER WHALE,56,0,1,415,1,0.002409639,0,-2.5,147.5
2016,S,MAM,PYGMY KILLER WHALE,150,0,1,2513,1,0.000397931,0,-2.5,167.5
2016,S,MAM,PYGMY KILLER WHALE,73,0,1,499,1,0.002004008,0,2.5,147.5
2017,S,MAM,PYGMY KILLER WHALE,157,0,2,2505,2,0.000798403,0,-2.5,157.5
2018,S,MAM,PYGMY KILLER WHALE,120,0,1,1562,1,0.000640205,0,-2.5,172.5
2019,S,MAM,PYGMY KILLER WHALE,51,0,1,325,1,0.003076923,0,-7.5,167.5
2019,S,MAM,PYGMY KILLER WHALE,123,0,1,1633,1,0.00061237,0,-2.5,152.5
2019,S,MAM,PYGMY KILLER WHALE,121,0,0,1799,8,0.004446915,0,-2.5,157.5
2019,S,MAM,PYGMY KILLER WHALE,144,0,1,2620,1,0.000381679,0,-2.5,167.5
2019,S,MAM,PYGMY KILLER WHALE,119,1,3,1481,4,0.002700878,0.000675219,2.5,152.5
2019,S,MAM,PYGMY KILLER WHALE,126,0,0,2192,5,0.002281022,0,2.5,177.5
2020,S,MAM,PYGMY KILLER WHALE,50,0,1,730,1,0.001369863,0,2.5,142.5
2013,S,MAM,PYGMY SPERM WHALE,90,0,1,1227,1,0.000814996,0,-7.5,152.5
2013,S,MAM,PYGMY SPERM WHALE,102,0,3,1038,3,0.002890173,0,-7.5,162.5
2013,S,MAM,PYGMY SPERM WHALE,171,0,2,5724,2,0.000349406,0,-2.5,157.5
2013,S,MAM,PYGMY SPERM WHALE,129,0,1,1589,1,0.000629327,0,-2.5,172.5
2013,S,MAM,PYGMY SPERM WHALE,93,0,1,838,1,0.001193317,0,-2.5,177.5
2014,S,MAM,PYGMY SPERM WHALE,85,0,4,2590,4,0.001544402,0,-2.5,-172.5
2014,S,MAM,PYGMY SPERM WHALE,63,0,1,1245,1,0.000803213,0,-2.5,-167.5
2014,S,MAM,PYGMY SPERM WHALE,163,0,3,3778,3,0.000794071,0,-2.5,172.5
2014,S,MAM,PYGMY SPERM WHALE,136,0,1,3862,1,0.000258933,0,2.5,167.5
2015,S,MAM,PYGMY SPERM WHALE,94,0,1,1258,1,0.000794913,0,-7.5,-177.5
2015,S,MAM,PYGMY SPERM WHALE,145,0,13,1619,13,0.008029648,0,2.5,162.5
2015,S,MAM,PYGMY SPERM WHALE,155,0,1,2102,1,0.000475737,0,2.5,167.5
2016,S,MAM,PYGMY SPERM WHALE,56,0,7,415,7,0.01686747,0,-2.5,147.5
2017,S,MAM,PYGMY SPERM WHALE,92,0,2,914,2,0.002188184,0,-7.5,-177.5
2017,S,MAM,PYGMY SPERM WHALE,106,0,2,1419,2,0.001409443,0,-7.5,167.5
2017,S,MAM,PYGMY SPERM WHALE,105,0,1,1929,1,0.000518403,0,-2.5,-177.5
2017,S,MAM,PYGMY SPERM WHALE,65,0,2,728,2,0.002747253,0,-2.5,-167.5
2017,S,MAM,PYGMY SPERM WHALE,80,0,2,731,2,0.002735978,0,-2.5,147.5
2017,S,MAM,PYGMY SPERM WHALE,157,0,0,2505,2,0.000798403,0,-2.5,157.5
2017,S,MAM,PYGMY SPERM WHALE,133,0,5,2586,5,0.001933488,0,-2.5,177.5
2017,S,MAM,PYGMY SPERM WHALE,103,0,2,733,2,0.002728513,0,2.5,147.5
2017,S,MAM,PYGMY SPERM WHALE,128,0,2,1360,2,0.001470588,0,2.5,152.5
2017,S,MAM,PYGMY SPERM WHALE,99,0,3,916,3,0.003275109,0,2.5,177.5
2018,S,MAM,PYGMY SPERM WHALE,43,0,1,505,1,0.001980198,0,-2.5,-162.5
2018,S,MAM,PYGMY SPERM WHALE,30,0,1,204,1,0.004901961,0,-2.5,-157.5
2018,S,MAM,PYGMY SPERM WHALE,107,0,2,2030,2,0.000985222,0,2.5,142.5
2018,S,MAM,PYGMY SPERM WHALE,125,0,2,2368,2,0.000844595,0,2.5,147.5
2019,S,MAM,PYGMY SPERM WHALE,57,0,2,444,5,0.011261261,0,7.5,142.5
2013,S,MAM,SEI WHALE,33,0,2,265,2,0.00754717,0,-12.5,157.5
2013,S,MAM,SEI WHALE,97,0,3,699,3,0.004291845,0,-7.5,157.5
2013,S,MAM,SEI WHALE,102,0,8,1038,9,0.00867052,0,-7.5,162.5
2013,S,MAM,SEI WHALE,113,0,1,795,1,0.001257862,0,-2.5,147.5
2013,S,MAM,SEI WHALE,162,0,3,2462,3,0.001218522,0,-2.5,152.5
2013,S,MAM,SEI WHALE,171,0,1,5724,1,0.000174703,0,-2.5,157.5
2013,S,MAM,SEI WHALE,161,0,1,2583,1,0.000387147,0,-2.5,162.5
2013,S,MAM,SEI WHALE,162,0,1,3431,1,0.00029146,0,-2.5,167.5
2013,S,MAM,SEI WHALE,129,0,1,1589,1,0.000629327,0,-2.5,172.5
2013,S,MAM,SEI WHALE,94,0,1,992,1,0.001008065,0,2.5,142.5
2013,S,MAM,SEI WHALE,128,0,3,1847,3,0.001624256,0,2.5,147.5
2013,S,MAM,SEI WHALE,134,0,1,1786,1,0.00055991,0,2.5,157.5
2013,S,MAM,SEI WHALE,129,0,1,2193,1,0.000455996,0,2.5,167.5
2014,S,MAM,SEI WHALE,98,0,1,1263,1,0.000791766,0,-2.5,-177.5
2014,S,MAM,SEI WHALE,85,1,1,2590,2,0.000772201,0.0003861,-2.5,-172.5
2014,S,MAM,SEI WHALE,93,0,10,858,10,0.011655012,0,-2.5,152.5
2014,S,MAM,SEI WHALE,114,0,1,1135,1,0.000881057,0,-2.5,157.5
2014,S,MAM,SEI WHALE,131,0,3,978,3,0.003067485,0,-2.5,162.5
2014,S,MAM,SEI WHALE,157,0,3,3273,3,0.00091659,0,-2.5,167.5
2014,S,MAM,SEI WHALE,163,0,5,3778,5,0.001323452,0,-2.5,172.5
2014,S,MAM,SEI WHALE,149,0,2,2653,2,0.000753864,0,-2.5,177.5
2014,S,MAM,SEI WHALE,104,0,1,1080,1,0.000925926,0,2.5,157.5
2014,S,MAM,SEI WHALE,109,0,3,1213,3,0.002473207,0,2.5,162.5
2014,S,MAM,SEI WHALE,136,0,3,3862,3,0.0007768,0,2.5,167.5
2014,S,MAM,SEI WHALE,134,0,4,2569,4,0.001557026,0,2.5,172.5
2014,S,MAM,SEI WHALE,17,0,3,103,3,0.029126214,0,7.5,137.5
2015,S,MAM,SEI WHALE,64,0,2,1267,2,0.001578532,0,-7.5,-172.5
2015,S,MAM,SEI WHALE,18,0,1,60,1,0.016666667,0,-7.5,152.5
2015,S,MAM,SEI WHALE,22,0,1,82,1,0.012195122,0,-7.5,157.5
2015,S,MAM,SEI WHALE,89,0,4,750,4,0.005333333,0,-7.5,162.5
2015,S,MAM,SEI WHALE,94,0,2,915,2,0.002185792,0,-7.5,177.5
2015,S,MAM,SEI WHALE,129,0,1,2676,1,0.000373692,0,-2.5,-167.5
2015,S,MAM,SEI WHALE,94,0,5,1193,5,0.004191115,0,-2.5,-162.5
2015,S,MAM,SEI WHALE,84,0,1,481,1,0.002079002,0,-2.5,162.5
2015,S,MAM,SEI WHALE,142,0,1,1734,1,0.000576701,0,-2.5,167.5
2015,S,MAM,SEI WHALE,54,0,1,553,1,0.001808318,0,2.5,-167.5
2015,S,MAM,SEI WHALE,145,0,13,1619,13,0.008029648,0,2.5,162.5
2015,S,MAM,SEI WHALE,155,0,7,2102,8,0.003805899,0,2.5,167.5
2015,S,MAM,SEI WHALE,137,0,3,1270,3,0.002362205,0,2.5,172.5
2015,S,MAM,SEI WHALE,147,0,2,1375,2,0.001454545,0,2.5,177.5
2016,S,MAM,SEI WHALE,29,0,5,121,5,0.041322314,0,-12.5,162.5
2016,S,MAM,SEI WHALE,70,0,3,571,3,0.00525394,0,-7.5,152.5
2016,S,MAM,SEI WHALE,58,1,0,342,1,0.002923977,0.002923977,-7.5,157.5
2016,S,MAM,SEI WHALE,118,0,11,1073,11,0.010251631,0,-7.5,162.5
2016,S,MAM,SEI WHALE,85,0,10,676,10,0.014792899,0,-7.5,167.5
2016,S,MAM,SEI WHALE,56,0,2,415,2,0.004819277,0,-2.5,147.5
2016,S,MAM,SEI WHALE,150,0,10,2059,10,0.004856727,0,-2.5,157.5
2016,S,MAM,SEI WHALE,145,0,9,1007,10,0.009930487,0,-2.5,162.5
2016,S,MAM,SEI WHALE,150,0,2,2513,2,0.000795862,0,-2.5,167.5
2016,S,MAM,SEI WHALE,137,0,1,2400,1,0.000416667,0,-2.5,172.5
2016,S,MAM,SEI WHALE,151,0,1,2591,1,0.000385951,0,-2.5,177.5
2016,S,MAM,SEI WHALE,73,0,2,499,2,0.004008016,0,2.5,147.5
2016,S,MAM,SEI WHALE,108,0,3,1173,3,0.002557545,0,2.5,152.5
2016,S,MAM,SEI WHALE,145,0,6,2002,6,0.002997003,0,2.5,167.5
2016,S,MAM,SEI WHALE,107,0,1,1025,1,0.00097561,0,2.5,172.5
2016,S,MAM,SEI WHALE,108,0,3,1028,3,0.002918288,0,2.5,177.5
2017,S,MAM,SEI WHALE,58,0,1,790,1,0.001265823,0,-7.5,-167.5
2017,S,MAM,SEI WHALE,78,0,7,993,7,0.007049345,0,-7.5,152.5
2017,S,MAM,SEI WHALE,114,0,9,1079,9,0.008341057,0,-7.5,162.5
2017,S,MAM,SEI WHALE,106,0,5,1419,5,0.003523608,0,-7.5,167.5
2017,S,MAM,SEI WHALE,105,1,8,1929,9,0.00466563,0.000518403,-2.5,-177.5
2017,S,MAM,SEI WHALE,46,0,4,291,4,0.013745704,0,-2.5,142.5
2017,S,MAM,SEI WHALE,80,0,1,731,1,0.001367989,0,-2.5,147.5
2017,S,MAM,SEI WHALE,127,0,1,1477,1,0.000677048,0,-2.5,152.5
2017,S,MAM,SEI WHALE,157,0,2,2505,2,0.000798403,0,-2.5,157.5
2017,S,MAM,SEI WHALE,121,0,4,753,4,0.005312085,0,-2.5,162.5
2017,S,MAM,SEI WHALE,136,0,1,2391,1,0.000418235,0,-2.5,167.5
2017,S,MAM,SEI WHALE,130,0,8,1876,8,0.004264392,0,-2.5,172.5
2017,S,MAM,SEI WHALE,133,0,4,2586,4,0.00154679,0,-2.5,177.5
2017,S,MAM,SEI WHALE,85,0,1,958,1,0.001043841,0,2.5,142.5
2017,S,MAM,SEI WHALE,103,0,1,733,1,0.001364256,0,2.5,147.5
2017,S,MAM,SEI WHALE,128,0,5,1360,5,0.003676471,0,2.5,152.5
2017,S,MAM,SEI WHALE,123,0,3,1177,3,0.002548853,0,2.5,157.5
2017,S,MAM,SEI WHALE,99,0,1,916,1,0.001091703,0,2.5,177.5
2017,S,MAM,SEI WHALE,23,0,1,93,1,0.010752688,0,7.5,132.5
2017,S,MAM,SEI WHALE,59,0,1,830,1,0.001204819,0,7.5,137.5
2017,S,MAM,SEI WHALE,70,0,5,622,5,0.008038585,0,7.5,142.5
2017,S,MAM,SEI WHALE,33,0,1,169,1,0.00591716,0,7.5,152.5
2017,S,MAM,SEI WHALE,27,0,5,69,5,0.072463768,0,7.5,167.5
2018,S,MAM,SEI WHALE,41,0,2,366,2,0.005464481,0,-7.5,152.5
2018,S,MAM,SEI WHALE,50,0,4,343,4,0.011661808,0,-7.5,157.5
2018,S,MAM,SEI WHALE,78,0,1,790,1,0.001265823,0,-2.5,-177.5
2018,S,MAM,SEI WHALE,95,0,2,1290,2,0.001550388,0,-2.5,-167.5
2018,S,MAM,SEI WHALE,91,0,4,987,4,0.004052685,0,-2.5,147.5
2018,S,MAM,SEI WHALE,134,0,3,1710,4,0.002339181,0,-2.5,152.5
2018,S,MAM,SEI WHALE,127,0,1,1661,1,0.000602047,0,-2.5,157.5
2018,S,MAM,SEI WHALE,121,0,2,1112,2,0.001798561,0,-2.5,162.5
2018,S,MAM,SEI WHALE,143,0,3,4611,4,0.000867491,0,-2.5,167.5
2018,S,MAM,SEI WHALE,116,0,1,1499,1,0.000667111,0,-2.5,177.5
2018,S,MAM,SEI WHALE,107,0,1,2030,1,0.000492611,0,2.5,142.5
2018,S,MAM,SEI WHALE,125,0,2,2368,2,0.000844595,0,2.5,147.5
2018,S,MAM,SEI WHALE,137,0,3,2142,3,0.00140056,0,2.5,152.5
2018,S,MAM,SEI WHALE,130,0,3,1532,4,0.002610966,0,2.5,157.5
2018,S,MAM,SEI WHALE,137,0,3,1085,3,0.002764977,0,2.5,162.5
2018,S,MAM,SEI WHALE,147,0,0,2829,1,0.000353482,0,2.5,167.5
2018,S,MAM,SEI WHALE,98,0,2,1076,2,0.001858736,0,2.5,172.5
2018,S,MAM,SEI WHALE,89,0,3,705,3,0.004255319,0,2.5,177.5
2018,S,MAM,SEI WHALE,57,0,2,688,2,0.002906977,0,7.5,142.5
2019,S,MAM,SEI WHALE,98,0,1,1056,1,0.00094697,0,-7.5,177.5
2019,S,MAM,SEI WHALE,97,0,2,1707,2,0.001171646,0,-2.5,-167.5
2019,S,MAM,SEI WHALE,97,0,1,1382,1,0.000723589,0,-2.5,147.5
2019,S,MAM,SEI WHALE,123,0,27,1633,27,0.016533987,0,-2.5,152.5
2019,S,MAM,SEI WHALE,121,0,32,1799,33,0.018343524,0,-2.5,157.5
2019,S,MAM,SEI WHALE,104,0,1,542,1,0.001845018,0,-2.5,162.5
2019,S,MAM,SEI WHALE,144,0,1,2620,1,0.000381679,0,-2.5,167.5
2019,S,MAM,SEI WHALE,150,0,6,4755,8,0.00168244,0,-2.5,172.5
2019,S,MAM,SEI WHALE,158,0,7,5044,8,0.001586043,0,-2.5,177.5
2019,S,MAM,SEI WHALE,32,0,2,168,2,0.011904762,0,2.5,-162.5
2019,S,MAM,SEI WHALE,31,0,0,2151,3,0.0013947,0,2.5,137.5
2019,S,MAM,SEI WHALE,73,0,2,1061,2,0.001885014,0,2.5,142.5
2019,S,MAM,SEI WHALE,91,0,4,1488,4,0.002688172,0,2.5,147.5
2019,S,MAM,SEI WHALE,119,0,36,1481,42,0.028359217,0,2.5,152.5
2019,S,MAM,SEI WHALE,101,0,5,780,6,0.007692308,0,2.5,157.5
2019,S,MAM,SEI WHALE,122,0,4,977,4,0.004094166,0,2.5,167.5
2019,S,MAM,SEI WHALE,105,0,2,700,2,0.002857143,0,2.5,172.5
2019,S,MAM,SEI WHALE,126,0,4,2192,4,0.001824818,0,2.5,177.5
2019,S,MAM,SEI WHALE,7,0,2,35,2,0.057142857,0,7.5,132.5
2019,S,MAM,SEI WHALE,44,0,3,462,3,0.006493506,0,7.5,137.5
2019,S,MAM,SEI WHALE,57,0,1,444,1,0.002252252,0,7.5,142.5
2020,S,MAM,SEI WHALE,36,0,1,193,1,0.005181347,0,-12.5,162.5
2020,S,MAM,SEI WHALE,44,0,1,333,1,0.003003003,0,-12.5,167.5
2020,S,MAM,SEI WHALE,37,0,1,295,8,0.027118644,0,-7.5,152.5
2020,S,MAM,SEI WHALE,40,0,1,159,1,0.006289308,0,-7.5,157.5
2020,S,MAM,SEI WHALE,30,0,1,115,1,0.008695652,0,-7.5,162.5
2020,S,MAM,SEI WHALE,40,0,1,223,1,0.004484305,0,-7.5,177.5
2020,S,MAM,SEI WHALE,57,0,1,570,1,0.001754386,0,-2.5,-177.5
2020,S,MAM,SEI WHALE,40,0,8,332,8,0.024096386,0,-2.5,142.5
2020,S,MAM,SEI WHALE,36,0,6,456,6,0.013157895,0,-2.5,147.5
2020,S,MAM,SEI WHALE,70,0,10,554,10,0.018050542,0,-2.5,152.5
2020,S,MAM,SEI WHALE,103,0,8,944,8,0.008474576,0,-2.5,172.5
2020,S,MAM,SEI WHALE,50,0,3,730,3,0.004109589,0,2.5,142.5
2020,S,MAM,SEI WHALE,50,0,9,324,9,0.027777778,0,2.5,147.5
2020,S,MAM,SEI WHALE,78,0,4,599,4,0.006677796,0,2.5,152.5
2020,S,MAM,SEI WHALE,85,0,2,538,2,0.003717472,0,2.5,157.5
2020,S,MAM,SEI WHALE,87,0,3,828,3,0.003623188,0,2.5,167.5
2020,S,MAM,SEI WHALE,67,0,3,596,3,0.005033557,0,2.5,177.5
2020,S,MAM,SEI WHALE,13,0,11,81,11,0.135802469,0,7.5,137.5
2020,S,MAM,SEI WHALE,13,0,1,44,1,0.022727273,0,7.5,142.5
2020,S,MAM,SEI WHALE,16,0,1,61,1,0.016393443,0,7.5,177.5
2021,S,MAM,SEI WHALE,14,0,2,149,2,0.013422819,0,-2.5,157.5
2021,S,MAM,SEI WHALE,4,0,2,37,2,0.054054054,0,2.5,157.5
2022,S,MAM,SEI WHALE,8,0,5,45,5,0.111111111,0,-7.5,152.5
2022,S,MAM,SEI WHALE,45,0,1,436,1,0.002293578,0,-2.5,152.5
2023,S,MAM,SEI WHALE,10,0,1,76,1,0.013157895,0,-12.5,157.5
2023,S,MAM,SEI WHALE,63,0,8,547,8,0.014625229,0,-7.5,152.5
2023,S,MAM,SEI WHALE,53,0,1,305,1,0.003278689,0,-7.5,157.5
2023,S,MAM,SEI WHALE,82,0,2,483,2,0.004140787,0,-2.5,-177.5
2023,S,MAM,SEI WHALE,77,0,1,839,1,0.001191895,0,-2.5,-172.5
2023,S,MAM,SEI WHALE,84,0,2,1288,2,0.001552795,0,-2.5,-167.5
2023,S,MAM,SEI WHALE,25,0,1,112,1,0.008928571,0,-2.5,142.5
2023,S,MAM,SEI WHALE,64,0,2,644,2,0.00310559,0,-2.5,147.5
2023,S,MAM,SEI WHALE,106,0,2,918,2,0.002178649,0,-2.5,152.5
2023,S,MAM,SEI WHALE,109,0,3,1181,3,0.00254022,0,-2.5,157.5
2023,S,MAM,SEI WHALE,83,0,8,514,8,0.015564202,0,-2.5,162.5
2023,S,MAM,SEI WHALE,100,0,11,1428,11,0.007703081,0,-2.5,167.5
2023,S,MAM,SEI WHALE,88,0,1,1140,1,0.000877193,0,-2.5,172.5
2023,S,MAM,SEI WHALE,69,0,1,960,1,0.001041667,0,2.5,-162.5
2023,S,MAM,SEI WHALE,67,0,4,1154,4,0.003466205,0,2.5,142.5
2023,S,MAM,SEI WHALE,92,0,1,733,1,0.001364256,0,2.5,152.5
2023,S,MAM,SEI WHALE,69,0,2,605,2,0.003305785,0,2.5,157.5
2023,S,MAM,SEI WHALE,65,0,1,427,1,0.00234192,0,2.5,162.5
2023,S,MAM,SEI WHALE,97,0,41,1705,50,0.029325513,0,2.5,167.5
2023,S,MAM,SEI WHALE,98,0,2,1472,2,0.001358696,0,2.5,177.5
2023,S,MAM,SEI WHALE,30,0,1,114,1,0.00877193,0,7.5,167.5
2013,S,MAM,SHORT-FINNED PILOT WHALE,90,0,2,1227,2,0.001629992,0,-7.5,152.5
2013,S,MAM,SHORT-FINNED PILOT WHALE,97,0,4,699,4,0.005722461,0,-7.5,157.5
2013,S,MAM,SHORT-FINNED PILOT WHALE,102,0,1,1038,1,0.000963391,0,-7.5,162.5
2013,S,MAM,SHORT-FINNED PILOT WHALE,60,0,1,365,1,0.002739726,0,-7.5,167.5
2013,S,MAM,SHORT-FINNED PILOT WHALE,56,0,14,357,14,0.039215686,0,-7.5,177.5
2013,S,MAM,SHORT-FINNED PILOT WHALE,41,0,2,481,2,0.004158004,0,-2.5,-172.5
2013,S,MAM,SHORT-FINNED PILOT WHALE,59,0,1,522,1,0.001915709,0,-2.5,142.5
2013,S,MAM,SHORT-FINNED PILOT WHALE,113,0,2,795,2,0.002515723,0,-2.5,147.5
2013,S,MAM,SHORT-FINNED PILOT WHALE,162,0,2,2462,2,0.000812348,0,-2.5,152.5
2013,S,MAM,SHORT-FINNED PILOT WHALE,171,0,27,5724,27,0.004716981,0,-2.5,157.5
2013,S,MAM,SHORT-FINNED PILOT WHALE,161,0,12,2583,12,0.004645761,0,-2.5,162.5
2013,S,MAM,SHORT-FINNED PILOT WHALE,162,0,38,3431,38,0.011075488,0,-2.5,167.5
2013,S,MAM,SHORT-FINNED PILOT WHALE,129,0,16,1589,16,0.010069226,0,-2.5,172.5
2013,S,MAM,SHORT-FINNED PILOT WHALE,128,0,6,1847,6,0.003248511,0,2.5,147.5
2013,S,MAM,SHORT-FINNED PILOT WHALE,151,0,1,2252,1,0.00044405,0,2.5,152.5
2013,S,MAM,SHORT-FINNED PILOT WHALE,134,0,26,1786,26,0.014557671,0,2.5,157.5
2013,S,MAM,SHORT-FINNED PILOT WHALE,129,0,3,2193,3,0.001367989,0,2.5,167.5
2013,S,MAM,SHORT-FINNED PILOT WHALE,80,0,3,451,3,0.006651885,0,2.5,172.5
2013,S,MAM,SHORT-FINNED PILOT WHALE,33,0,3,149,3,0.020134228,0,2.5,177.5
2013,S,MAM,SHORT-FINNED PILOT WHALE,50,0,1,254,1,0.003937008,0,7.5,142.5
2014,S,MAM,SHORT-FINNED PILOT WHALE,63,0,1,878,1,0.001138952,0,-7.5,152.5
2014,S,MAM,SHORT-FINNED PILOT WHALE,98,0,8,1263,8,0.006334125,0,-2.5,-177.5
2014,S,MAM,SHORT-FINNED PILOT WHALE,85,0,5,2590,5,0.001930502,0,-2.5,-172.5
2014,S,MAM,SHORT-FINNED PILOT WHALE,29,0,1,155,1,0.006451613,0,-2.5,142.5
2014,S,MAM,SHORT-FINNED PILOT WHALE,93,0,1,858,1,0.001165501,0,-2.5,152.5
2014,S,MAM,SHORT-FINNED PILOT WHALE,131,0,13,978,13,0.013292434,0,-2.5,162.5
2014,S,MAM,SHORT-FINNED PILOT WHALE,157,1,89,3273,90,0.027497709,0.00030553,-2.5,167.5
2014,S,MAM,SHORT-FINNED PILOT WHALE,163,0,6,3778,6,0.001588142,0,-2.5,172.5
2014,S,MAM,SHORT-FINNED PILOT WHALE,149,0,5,2653,5,0.001884659,0,-2.5,177.5
2014,S,MAM,SHORT-FINNED PILOT WHALE,81,0,1,598,1,0.001672241,0,2.5,152.5
2014,S,MAM,SHORT-FINNED PILOT WHALE,109,0,10,1213,10,0.008244023,0,2.5,162.5
2014,S,MAM,SHORT-FINNED PILOT WHALE,134,0,23,2569,28,0.010899183,0,2.5,172.5
2015,S,MAM,SHORT-FINNED PILOT WHALE,89,0,3,750,3,0.004,0,-7.5,162.5
2015,S,MAM,SHORT-FINNED PILOT WHALE,129,0,11,2676,11,0.004110613,0,-2.5,-167.5
2015,S,MAM,SHORT-FINNED PILOT WHALE,62,0,7,1415,7,0.004946996,0,-2.5,-157.5
2015,S,MAM,SHORT-FINNED PILOT WHALE,86,0,3,454,4,0.008810573,0,-2.5,157.5
2015,S,MAM,SHORT-FINNED PILOT WHALE,84,0,2,481,2,0.004158004,0,-2.5,162.5
2015,S,MAM,SHORT-FINNED PILOT WHALE,142,0,3,1734,3,0.001730104,0,-2.5,167.5
2015,S,MAM,SHORT-FINNED PILOT WHALE,147,0,5,2079,5,0.002405002,0,-2.5,177.5
2015,S,MAM,SHORT-FINNED PILOT WHALE,54,0,6,553,6,0.01084991,0,2.5,-167.5
2015,S,MAM,SHORT-FINNED PILOT WHALE,40,0,2,437,2,0.004576659,0,2.5,-157.5
2015,S,MAM,SHORT-FINNED PILOT WHALE,58,0,6,481,6,0.012474012,0,2.5,147.5
2015,S,MAM,SHORT-FINNED PILOT WHALE,145,0,1,1619,1,0.000617665,0,2.5,162.5
2015,S,MAM,SHORT-FINNED PILOT WHALE,155,0,7,2102,7,0.003330162,0,2.5,167.5
2015,S,MAM,SHORT-FINNED PILOT WHALE,137,0,12,1270,12,0.009448819,0,2.5,172.5
2015,S,MAM,SHORT-FINNED PILOT WHALE,147,0,3,1375,3,0.002181818,0,2.5,177.5
2016,S,MAM,SHORT-FINNED PILOT WHALE,29,0,3,121,3,0.024793388,0,-12.5,162.5
2016,S,MAM,SHORT-FINNED PILOT WHALE,118,0,15,1073,15,0.013979497,0,-7.5,162.5
2016,S,MAM,SHORT-FINNED PILOT WHALE,85,0,4,676,4,0.00591716,0,-7.5,167.5
2016,S,MAM,SHORT-FINNED PILOT WHALE,114,0,10,1132,10,0.008833922,0,-2.5,152.5
2016,S,MAM,SHORT-FINNED PILOT WHALE,150,0,10,2059,10,0.004856727,0,-2.5,157.5
2016,S,MAM,SHORT-FINNED PILOT WHALE,145,0,17,1007,17,0.016881827,0,-2.5,162.5
2016,S,MAM,SHORT-FINNED PILOT WHALE,150,0,10,2513,10,0.003979308,0,-2.5,167.5
2016,S,MAM,SHORT-FINNED PILOT WHALE,73,0,2,499,2,0.004008016,0,2.5,147.5
2016,S,MAM,SHORT-FINNED PILOT WHALE,125,0,6,1221,6,0.004914005,0,2.5,157.5
2017,S,MAM,SHORT-FINNED PILOT WHALE,78,0,0,993,13,0.013091641,0,-7.5,152.5
2017,S,MAM,SHORT-FINNED PILOT WHALE,68,0,2,362,2,0.005524862,0,-7.5,177.5
2017,S,MAM,SHORT-FINNED PILOT WHALE,127,0,10,1477,10,0.006770481,0,-2.5,152.5
2017,S,MAM,SHORT-FINNED PILOT WHALE,121,0,6,753,6,0.007968127,0,-2.5,162.5
2017,S,MAM,SHORT-FINNED PILOT WHALE,133,0,32,2586,32,0.012374323,0,-2.5,177.5
2017,S,MAM,SHORT-FINNED PILOT WHALE,103,0,4,733,4,0.005457026,0,2.5,147.5
2017,S,MAM,SHORT-FINNED PILOT WHALE,128,0,8,1360,8,0.005882353,0,2.5,152.5
2017,S,MAM,SHORT-FINNED PILOT WHALE,123,0,14,1177,14,0.011894647,0,2.5,157.5
2017,S,MAM,SHORT-FINNED PILOT WHALE,70,0,1,622,1,0.001607717,0,7.5,142.5
2018,S,MAM,SHORT-FINNED PILOT WHALE,83,0,3,853,3,0.003516999,0,-7.5,-177.5
2018,S,MAM,SHORT-FINNED PILOT WHALE,50,0,0,343,2,0.005830904,0,-7.5,157.5
2018,S,MAM,SHORT-FINNED PILOT WHALE,91,0,1,987,1,0.001013171,0,-2.5,147.5
2018,S,MAM,SHORT-FINNED PILOT WHALE,134,0,6,1710,6,0.003508772,0,-2.5,152.5
2018,S,MAM,SHORT-FINNED PILOT WHALE,127,0,11,1661,11,0.006622517,0,-2.5,157.5
2018,S,MAM,SHORT-FINNED PILOT WHALE,121,0,2,1112,2,0.001798561,0,-2.5,162.5
2018,S,MAM,SHORT-FINNED PILOT WHALE,143,26,46,4611,77,0.016699198,0.00563869,-2.5,167.5
2018,S,MAM,SHORT-FINNED PILOT WHALE,41,0,1,2185,1,0.000457666,0,2.5,137.5
2018,S,MAM,SHORT-FINNED PILOT WHALE,107,0,8,2030,8,0.003940887,0,2.5,142.5
2018,S,MAM,SHORT-FINNED PILOT WHALE,125,0,0,2368,5,0.002111486,0,2.5,147.5
2018,S,MAM,SHORT-FINNED PILOT WHALE,137,0,8,2142,8,0.003734827,0,2.5,152.5
2018,S,MAM,SHORT-FINNED PILOT WHALE,130,0,1,1532,1,0.000652742,0,2.5,157.5
2019,S,MAM,SHORT-FINNED PILOT WHALE,97,0,1,1382,1,0.000723589,0,-2.5,147.5
2019,S,MAM,SHORT-FINNED PILOT WHALE,123,0,1,1633,19,0.011635028,0,-2.5,152.5
2019,S,MAM,SHORT-FINNED PILOT WHALE,144,0,7,2620,8,0.003053435,0,-2.5,167.5
2019,S,MAM,SHORT-FINNED PILOT WHALE,150,0,8,4755,8,0.00168244,0,-2.5,172.5
2019,S,MAM,SHORT-FINNED PILOT WHALE,158,0,10,5044,11,0.002180809,0,-2.5,177.5
2019,S,MAM,SHORT-FINNED PILOT WHALE,40,0,3,234,3,0.012820513,0,2.5,-177.5
2019,S,MAM,SHORT-FINNED PILOT WHALE,61,0,1,885,1,0.001129944,0,2.5,-167.5
2019,S,MAM,SHORT-FINNED PILOT WHALE,73,0,0,1061,1,0.000942507,0,2.5,142.5
2019,S,MAM,SHORT-FINNED PILOT WHALE,119,0,0,1481,12,0.008102633,0,2.5,152.5
2019,S,MAM,SHORT-FINNED PILOT WHALE,126,0,1,2192,1,0.000456204,0,2.5,177.5
2020,S,MAM,SHORT-FINNED PILOT WHALE,103,0,0,944,4,0.004237288,0,-2.5,172.5
2020,S,MAM,SHORT-FINNED PILOT WHALE,85,5,5,538,10,0.018587361,0.00929368,2.5,157.5
2021,S,MAM,SHORT-FINNED PILOT WHALE,28,0,4,839,4,0.00476758,0,2.5,142.5
2023,S,MAM,SHORT-FINNED PILOT WHALE,106,0,1,918,1,0.001089325,0,-2.5,152.5
2023,S,MAM,SHORT-FINNED PILOT WHALE,109,0,7,1181,7,0.00592718,0,-2.5,157.5
2013,S,MAM,SPERM WHALE,102,0,2,1038,2,0.001926782,0,-7.5,162.5
2014,S,MAM,SPERM WHALE,27,0,1,225,1,0.004444444,0,-2.5,-162.5
2014,S,MAM,SPERM WHALE,157,0,2,3273,2,0.00061106,0,-2.5,167.5
2014,S,MAM,SPERM WHALE,149,0,1,2653,1,0.000376932,0,-2.5,177.5
2015,S,MAM,SPERM WHALE,105,0,2,2201,2,0.000908678,0,-7.5,-167.5
2015,S,MAM,SPERM WHALE,62,0,1,1415,1,0.000706714,0,-2.5,-157.5
2015,S,MAM,SPERM WHALE,84,0,1,481,1,0.002079002,0,-2.5,162.5
2015,S,MAM,SPERM WHALE,147,0,1,2079,1,0.000481,0,-2.5,177.5
2015,S,MAM,SPERM WHALE,145,0,3,1619,3,0.001852996,0,2.5,162.5
2015,S,MAM,SPERM WHALE,147,0,1,1375,1,0.000727273,0,2.5,177.5
2016,S,MAM,SPERM WHALE,151,0,1,2591,1,0.000385951,0,-2.5,177.5
2016,S,MAM,SPERM WHALE,145,0,2,2002,2,0.000999001,0,2.5,167.5
2017,S,MAM,SPERM WHALE,70,0,1,622,1,0.001607717,0,7.5,142.5
2017,S,MAM,SPERM WHALE,33,0,1,169,1,0.00591716,0,7.5,152.5
2018,S,MAM,SPERM WHALE,95,0,1,1290,1,0.000775194,0,-2.5,-167.5
2018,S,MAM,SPERM WHALE,107,0,1,2030,1,0.000492611,0,2.5,142.5
2018,S,MAM,SPERM WHALE,125,0,3,2368,3,0.001266892,0,2.5,147.5
2020,S,MAM,SPERM WHALE,50,0,1,730,1,0.001369863,0,2.5,142.5
2022,S,MAM,SPERM WHALE,45,0,2,436,2,0.004587156,0,-2.5,152.5
2023,S,MAM,SPERM WHALE,106,0,1,918,1,0.001089325,0,-2.5,152.5
2023,S,MAM,SPERM WHALE,109,0,2,1181,2,0.00169348,0,-2.5,157.5
2015,S,MAM,TOOTHED WHALES NEI,147,0,1,2079,1,0.000481,0,-2.5,177.5
2017,S,MAM,TOOTHED WHALES NEI,46,0,1,291,1,0.003436426,0,-2.5,142.5
2017,S,MAM,TOOTHED WHALES NEI,128,0,1,1360,1,0.000735294,0,2.5,152.5
2018,S,MAM,TOOTHED WHALES NEI,120,0,2,1562,2,0.00128041,0,-2.5,172.5
2018,S,MAM,TOOTHED WHALES NEI,98,1,0,1076,1,0.000929368,0.000929368,2.5,172.5
2018,S,MAM,TOOTHED WHALES NEI,57,0,4,688,4,0.005813953,0,7.5,142.5
2019,S,MAM,TOOTHED WHALES NEI,97,0,1,1707,1,0.000585823,0,-2.5,-167.5
2019,S,MAM,TOOTHED WHALES NEI,97,0,1,1382,1,0.000723589,0,-2.5,147.5
2019,S,MAM,TOOTHED WHALES NEI,123,0,1,1633,1,0.00061237,0,-2.5,152.5
2014,S,MAM,WHALE (UNIDENTIFIED),149,0,6,2653,6,0.002261591,0,-2.5,177.5
2014,S,MAM,WHALE (UNIDENTIFIED),136,0,4,3862,4,0.001035733,0,2.5,167.5
2015,S,MAM,WHALE (UNIDENTIFIED),158,0,1,2076,1,0.000481696,0,-2.5,172.5
2015,S,MAM,WHALE (UNIDENTIFIED),145,0,2,1619,2,0.00123533,0,2.5,162.5
2017,S,MAM,WHALE (UNIDENTIFIED),121,0,1,753,1,0.001328021,0,-2.5,162.5
2017,S,MAM,WHALE (UNIDENTIFIED),136,0,0,2391,4,0.00167294,0,-2.5,167.5
2017,S,MAM,WHALE (UNIDENTIFIED),89,0,2,1012,3,0.002964427,0,2.5,167.5
2019,S,MAM,WHALE (UNIDENTIFIED),150,0,1,4755,1,0.000210305,0,-2.5,172.5
2013,S,SHK,WHALE SHARK,33,0,1,265,1,0.003773585,0,-12.5,157.5
2013,S,SHK,WHALE SHARK,41,0,3,341,3,0.008797654,0,-7.5,-177.5
2013,S,SHK,WHALE SHARK,40,0,2,400,3,0.0075,0,-7.5,-172.5
2013,S,SHK,WHALE SHARK,13,0,1,82,1,0.012195122,0,-7.5,-162.5
2013,S,SHK,WHALE SHARK,90,0,18,1227,24,0.019559902,0,-7.5,152.5
2013,S,SHK,WHALE SHARK,97,0,5,699,5,0.007153076,0,-7.5,157.5
2013,S,SHK,WHALE SHARK,102,0,2,1038,4,0.003853565,0,-7.5,162.5
2013,S,SHK,WHALE SHARK,60,0,1,365,2,0.005479452,0,-7.5,167.5
2013,S,SHK,WHALE SHARK,54,1,1,502,3,0.005976096,0.001992032,-2.5,-177.5
2013,S,SHK,WHALE SHARK,41,1,6,481,8,0.016632017,0.002079002,-2.5,-172.5
2013,S,SHK,WHALE SHARK,22,0,2,158,2,0.012658228,0,-2.5,-167.5
2013,S,SHK,WHALE SHARK,59,0,4,522,4,0.007662835,0,-2.5,142.5
2013,S,SHK,WHALE SHARK,113,1,10,795,13,0.016352201,0.001257862,-2.5,147.5
2013,S,SHK,WHALE SHARK,162,0,18,2462,21,0.008529651,0,-2.5,152.5
2013,S,SHK,WHALE SHARK,171,5,49,5724,55,0.009608665,0.000873515,-2.5,157.5
2013,S,SHK,WHALE SHARK,161,0,17,2583,19,0.007355788,0,-2.5,162.5
2013,S,SHK,WHALE SHARK,162,2,34,3431,39,0.011366948,0.00058292,-2.5,167.5
2013,S,SHK,WHALE SHARK,129,2,10,1589,12,0.007551919,0.001258653,-2.5,172.5
2013,S,SHK,WHALE SHARK,93,0,5,838,5,0.005966587,0,-2.5,177.5
2013,S,SHK,WHALE SHARK,94,0,17,992,19,0.019153226,0,2.5,142.5
2013,S,SHK,WHALE SHARK,128,0,23,1847,26,0.014076881,0,2.5,147.5
2013,S,SHK,WHALE SHARK,151,0,20,2252,24,0.010657194,0,2.5,152.5
2013,S,SHK,WHALE SHARK,134,1,22,1786,28,0.015677492,0.00055991,2.5,157.5
2013,S,SHK,WHALE SHARK,95,0,5,753,7,0.009296149,0,2.5,162.5
2013,S,SHK,WHALE SHARK,129,2,21,2193,26,0.011855905,0.000911993,2.5,167.5
2013,S,SHK,WHALE SHARK,80,0,3,451,3,0.006651885,0,2.5,172.5
2013,S,SHK,WHALE SHARK,9,0,1,50,1,0.02,0,7.5,-177.5
2013,S,SHK,WHALE SHARK,50,0,1,254,1,0.003937008,0,7.5,142.5
2013,S,SHK,WHALE SHARK,38,0,1,126,1,0.007936508,0,7.5,147.5
2013,S,SHK,WHALE SHARK,19,0,1,53,1,0.018867925,0,7.5,152.5
2013,S,SHK,WHALE SHARK,17,0,1,25,1,0.04,0,7.5,157.5
2013,S,SHK,WHALE SHARK,19,0,0,24,1,0.041666667,0,7.5,162.5
2013,S,SHK,WHALE SHARK,33,0,2,163,2,0.012269939,0,7.5,172.5
2014,S,SHK,WHALE SHARK,88,1,8,907,9,0.009922822,0.001102536,-7.5,-177.5
2014,S,SHK,WHALE SHARK,67,0,2,789,2,0.002534854,0,-7.5,-172.5
2014,S,SHK,WHALE SHARK,63,0,17,878,17,0.019362187,0,-7.5,152.5
2014,S,SHK,WHALE SHARK,47,0,4,177,4,0.02259887,0,-7.5,157.5
2014,S,SHK,WHALE SHARK,44,0,1,171,1,0.005847953,0,-7.5,162.5
2014,S,SHK,WHALE SHARK,69,0,6,457,6,0.013129103,0,-7.5,172.5
2014,S,SHK,WHALE SHARK,92,0,4,762,4,0.005249344,0,-7.5,177.5
2014,S,SHK,WHALE SHARK,98,0,21,1263,22,0.017418844,0,-2.5,-177.5
2014,S,SHK,WHALE SHARK,85,1,29,2590,34,0.013127413,0.0003861,-2.5,-172.5
2014,S,SHK,WHALE SHARK,63,1,15,1245,16,0.012851406,0.000803213,-2.5,-167.5
2014,S,SHK,WHALE SHARK,27,0,2,225,2,0.008888889,0,-2.5,-162.5
2014,S,SHK,WHALE SHARK,29,0,9,155,10,0.064516129,0,-2.5,142.5
2014,S,SHK,WHALE SHARK,48,0,1,334,1,0.002994012,0,-2.5,147.5
2014,S,SHK,WHALE SHARK,93,0,11,858,14,0.016317016,0,-2.5,152.5
2014,S,SHK,WHALE SHARK,114,0,8,1135,8,0.007048458,0,-2.5,157.5
2014,S,SHK,WHALE SHARK,131,0,4,978,4,0.00408998,0,-2.5,162.5
2014,S,SHK,WHALE SHARK,157,1,22,3273,24,0.007332722,0.00030553,-2.5,167.5
2014,S,SHK,WHALE SHARK,163,1,27,3778,31,0.0082054,0.00026469,-2.5,172.5
2014,S,SHK,WHALE SHARK,149,1,39,2653,42,0.015831135,0.000376932,-2.5,177.5
2014,S,SHK,WHALE SHARK,40,0,1,299,2,0.006688963,0,2.5,-172.5
2014,S,SHK,WHALE SHARK,32,0,2,272,2,0.007352941,0,2.5,-157.5
2014,S,SHK,WHALE SHARK,49,0,14,431,14,0.032482599,0,2.5,142.5
2014,S,SHK,WHALE SHARK,54,0,9,352,11,0.03125,0,2.5,147.5
2014,S,SHK,WHALE SHARK,81,0,7,598,8,0.013377926,0,2.5,152.5
2014,S,SHK,WHALE SHARK,104,1,11,1080,12,0.011111111,0.000925926,2.5,157.5
2014,S,SHK,WHALE SHARK,109,0,10,1213,11,0.009068425,0,2.5,162.5
2014,S,SHK,WHALE SHARK,136,1,30,3862,34,0.008803729,0.000258933,2.5,167.5
2014,S,SHK,WHALE SHARK,134,0,12,2569,16,0.006228104,0,2.5,172.5
2014,S,SHK,WHALE SHARK,86,0,7,495,8,0.016161616,0,2.5,177.5
2014,S,SHK,WHALE SHARK,3,0,1,10,1,0.1,0,7.5,-172.5
2014,S,SHK,WHALE SHARK,17,0,2,103,2,0.019417476,0,7.5,137.5
2014,S,SHK,WHALE SHARK,13,0,1,38,1,0.026315789,0,7.5,142.5
2014,S,SHK,WHALE SHARK,36,0,1,88,2,0.022727273,0,7.5,157.5
2014,S,SHK,WHALE SHARK,40,0,1,128,1,0.0078125,0,7.5,172.5
2015,S,SHK,WHALE SHARK,18,0,1,65,1,0.015384615,0,-12.5,167.5
2015,S,SHK,WHALE SHARK,94,0,5,1258,5,0.003974563,0,-7.5,-177.5
2015,S,SHK,WHALE SHARK,64,0,4,1267,4,0.003157064,0,-7.5,-172.5
2015,S,SHK,WHALE SHARK,105,1,11,2201,12,0.005452067,0.000454339,-7.5,-167.5
2015,S,SHK,WHALE SHARK,76,0,4,943,4,0.004241782,0,-7.5,-162.5
2015,S,SHK,WHALE SHARK,42,1,1,358,3,0.008379888,0.002793296,-7.5,-157.5
2015,S,SHK,WHALE SHARK,18,0,4,60,4,0.066666667,0,-7.5,152.5
2015,S,SHK,WHALE SHARK,22,0,2,82,2,0.024390244,0,-7.5,157.5
2015,S,SHK,WHALE SHARK,89,0,3,750,5,0.006666667,0,-7.5,162.5
2015,S,SHK,WHALE SHARK,88,0,5,763,6,0.007863696,0,-7.5,167.5
2015,S,SHK,WHALE SHARK,56,0,1,249,1,0.004016064,0,-7.5,172.5
2015,S,SHK,WHALE SHARK,94,0,4,915,4,0.004371585,0,-7.5,177.5
2015,S,SHK,WHALE SHARK,97,0,5,824,5,0.006067961,0,-2.5,-177.5
2015,S,SHK,WHALE SHARK,54,0,21,535,22,0.041121495,0,-2.5,-172.5
2015,S,SHK,WHALE SHARK,129,1,20,2676,26,0.009715994,0.000373692,-2.5,-167.5
2015,S,SHK,WHALE SHARK,94,0,3,1193,3,0.002514669,0,-2.5,-162.5
2015,S,SHK,WHALE SHARK,62,1,2,1415,5,0.003533569,0.000706714,-2.5,-157.5
2015,S,SHK,WHALE SHARK,43,0,7,275,8,0.029090909,0,-2.5,147.5
2015,S,SHK,WHALE SHARK,61,0,2,290,2,0.006896552,0,-2.5,152.5
2015,S,SHK,WHALE SHARK,86,0,1,454,1,0.002202643,0,-2.5,157.5
2015,S,SHK,WHALE SHARK,84,0,7,481,9,0.018711019,0,-2.5,162.5
2015,S,SHK,WHALE SHARK,142,0,22,1734,23,0.013264129,0,-2.5,167.5
2015,S,SHK,WHALE SHARK,158,1,15,2076,16,0.007707129,0.000481696,-2.5,172.5
2015,S,SHK,WHALE SHARK,147,0,9,2079,12,0.005772006,0,-2.5,177.5
2015,S,SHK,WHALE SHARK,51,0,5,337,5,0.014836795,0,2.5,-172.5
2015,S,SHK,WHALE SHARK,54,0,7,553,7,0.012658228,0,2.5,-167.5
2015,S,SHK,WHALE SHARK,22,0,1,67,1,0.014925373,0,2.5,-162.5
2015,S,SHK,WHALE SHARK,33,0,1,2131,1,0.000469263,0,2.5,137.5
2015,S,SHK,WHALE SHARK,34,0,6,416,6,0.014423077,0,2.5,142.5
2015,S,SHK,WHALE SHARK,58,0,24,481,27,0.056133056,0,2.5,147.5
2015,S,SHK,WHALE SHARK,79,0,34,514,38,0.073929961,0,2.5,152.5
2015,S,SHK,WHALE SHARK,108,0,21,986,21,0.021298174,0,2.5,157.5
2015,S,SHK,WHALE SHARK,145,0,33,1619,34,0.021000618,0,2.5,162.5
2015,S,SHK,WHALE SHARK,155,0,43,2102,45,0.021408183,0,2.5,167.5
2015,S,SHK,WHALE SHARK,137,1,5,1270,6,0.004724409,0.000787402,2.5,172.5
2015,S,SHK,WHALE SHARK,147,0,8,1375,9,0.006545455,0,2.5,177.5
2015,S,SHK,WHALE SHARK,16,0,1,49,1,0.020408163,0,7.5,147.5
2015,S,SHK,WHALE SHARK,21,0,2,47,2,0.042553191,0,7.5,157.5
2015,S,SHK,WHALE SHARK,12,0,1,19,1,0.052631579,0,7.5,177.5
2016,S,SHK,WHALE SHARK,16,0,2,117,2,0.017094017,0,-12.5,157.5
2016,S,SHK,WHALE SHARK,29,0,1,121,1,0.008264463,0,-12.5,162.5
2016,S,SHK,WHALE SHARK,20,0,1,49,1,0.020408163,0,-12.5,167.5
2016,S,SHK,WHALE SHARK,88,0,2,738,2,0.002710027,0,-7.5,-177.5
2016,S,SHK,WHALE SHARK,31,0,1,197,1,0.005076142,0,-7.5,-167.5
2016,S,SHK,WHALE SHARK,24,0,1,521,1,0.001919386,0,-7.5,-147.5
2016,S,SHK,WHALE SHARK,70,0,2,571,2,0.003502627,0,-7.5,152.5
2016,S,SHK,WHALE SHARK,58,0,1,342,1,0.002923977,0,-7.5,157.5
2016,S,SHK,WHALE SHARK,118,0,1,1073,1,0.000931966,0,-7.5,162.5
2016,S,SHK,WHALE SHARK,85,0,2,676,3,0.00443787,0,-7.5,167.5
2016,S,SHK,WHALE SHARK,75,0,1,282,1,0.003546099,0,-7.5,172.5
2016,S,SHK,WHALE SHARK,104,0,3,1059,3,0.002832861,0,-7.5,177.5
2016,S,SHK,WHALE SHARK,119,1,2,1583,3,0.001895136,0.000631712,-2.5,-177.5
2016,S,SHK,WHALE SHARK,37,0,1,162,1,0.00617284,0,-2.5,-167.5
2016,S,SHK,WHALE SHARK,24,0,1,134,1,0.007462687,0,-2.5,-162.5
2016,S,SHK,WHALE SHARK,17,0,1,94,1,0.010638298,0,-2.5,-157.5
2016,S,SHK,WHALE SHARK,21,0,1,82,1,0.012195122,0,-2.5,-152.5
2016,S,SHK,WHALE SHARK,29,0,1,175,1,0.005714286,0,-2.5,142.5
2016,S,SHK,WHALE SHARK,56,0,3,415,3,0.007228916,0,-2.5,147.5
2016,S,SHK,WHALE SHARK,114,0,12,1132,12,0.010600707,0,-2.5,152.5
2016,S,SHK,WHALE SHARK,150,0,25,2059,26,0.012627489,0,-2.5,157.5
2016,S,SHK,WHALE SHARK,145,0,11,1007,11,0.010923535,0,-2.5,162.5
2016,S,SHK,WHALE SHARK,150,0,25,2513,25,0.009948269,0,-2.5,167.5
2016,S,SHK,WHALE SHARK,137,0,5,2400,5,0.002083333,0,-2.5,172.5
2016,S,SHK,WHALE SHARK,151,0,2,2591,3,0.001157854,0,-2.5,177.5
2016,S,SHK,WHALE SHARK,44,0,1,192,1,0.005208333,0,2.5,-177.5
2016,S,SHK,WHALE SHARK,51,0,2,382,2,0.005235602,0,2.5,-172.5
2016,S,SHK,WHALE SHARK,7,0,1,77,1,0.012987013,0,2.5,132.5
2016,S,SHK,WHALE SHARK,34,0,3,2201,3,0.001363017,0,2.5,137.5
2016,S,SHK,WHALE SHARK,68,0,7,864,9,0.010416667,0,2.5,142.5
2016,S,SHK,WHALE SHARK,73,0,4,499,4,0.008016032,0,2.5,147.5
2016,S,SHK,WHALE SHARK,108,1,16,1173,18,0.015345269,0.000852515,2.5,152.5
2016,S,SHK,WHALE SHARK,125,0,9,1221,9,0.007371007,0,2.5,157.5
2016,S,SHK,WHALE SHARK,145,0,9,2002,10,0.004995005,0,2.5,167.5
2016,S,SHK,WHALE SHARK,107,0,2,1025,2,0.00195122,0,2.5,172.5
2016,S,SHK,WHALE SHARK,108,0,6,1028,6,0.005836576,0,2.5,177.5
2016,S,SHK,WHALE SHARK,10,0,3,24,3,0.125,0,7.5,-172.5
2016,S,SHK,WHALE SHARK,42,0,2,156,2,0.012820513,0,7.5,152.5
2016,S,SHK,WHALE SHARK,50,0,2,161,2,0.01242236,0,7.5,157.5
2016,S,SHK,WHALE SHARK,55,0,1,188,1,0.005319149,0,7.5,167.5
2016,S,SHK,WHALE SHARK,58,0,7,279,7,0.025089606,0,7.5,172.5
2016,S,SHK,WHALE SHARK,51,0,2,215,2,0.009302326,0,7.5,177.5
2017,S,SHK,WHALE SHARK,11,0,1,38,1,0.026315789,0,-12.5,-177.5
2017,S,SHK,WHALE SHARK,24,0,8,188,8,0.042553191,0,-12.5,157.5
2017,S,SHK,WHALE SHARK,26,0,1,70,1,0.014285714,0,-12.5,162.5
2017,S,SHK,WHALE SHARK,28,0,2,131,2,0.015267176,0,-12.5,167.5
2017,S,SHK,WHALE SHARK,92,0,2,914,2,0.002188184,0,-7.5,-177.5
2017,S,SHK,WHALE SHARK,48,0,2,476,2,0.004201681,0,-7.5,-172.5
2017,S,SHK,WHALE SHARK,58,0,4,790,4,0.005063291,0,-7.5,-167.5
2017,S,SHK,WHALE SHARK,26,0,1,291,1,0.003436426,0,-7.5,-157.5
2017,S,SHK,WHALE SHARK,9,0,1,26,1,0.038461538,0,-7.5,-147.5
2017,S,SHK,WHALE SHARK,78,0,25,993,28,0.028197382,0,-7.5,152.5
2017,S,SHK,WHALE SHARK,67,0,6,417,6,0.014388489,0,-7.5,157.5
2017,S,SHK,WHALE SHARK,114,0,2,1079,2,0.001853568,0,-7.5,162.5
2017,S,SHK,WHALE SHARK,106,0,4,1419,5,0.003523608,0,-7.5,167.5
2017,S,SHK,WHALE SHARK,68,0,1,362,1,0.002762431,0,-7.5,177.5
2017,S,SHK,WHALE SHARK,105,1,10,1929,12,0.00622084,0.000518403,-2.5,-177.5
2017,S,SHK,WHALE SHARK,46,0,3,291,4,0.013745704,0,-2.5,142.5
2017,S,SHK,WHALE SHARK,80,1,9,731,11,0.01504788,0.001367989,-2.5,147.5
2017,S,SHK,WHALE SHARK,127,0,13,1477,25,0.016926202,0,-2.5,152.5
2017,S,SHK,WHALE SHARK,157,0,23,2505,24,0.009580838,0,-2.5,157.5
2017,S,SHK,WHALE SHARK,121,0,7,753,7,0.009296149,0,-2.5,162.5
2017,S,SHK,WHALE SHARK,136,0,11,2391,21,0.008782936,0,-2.5,167.5
2017,S,SHK,WHALE SHARK,130,0,11,1876,12,0.006396588,0,-2.5,172.5
2017,S,SHK,WHALE SHARK,133,0,7,2586,8,0.003093581,0,-2.5,177.5
2017,S,SHK,WHALE SHARK,43,0,3,2245,3,0.001336303,0,2.5,137.5
2017,S,SHK,WHALE SHARK,85,0,22,958,22,0.022964509,0,2.5,142.5
2017,S,SHK,WHALE SHARK,103,1,15,733,18,0.024556617,0.001364256,2.5,147.5
2017,S,SHK,WHALE SHARK,128,0,27,1360,28,0.020588235,0,2.5,152.5
2017,S,SHK,WHALE SHARK,123,0,9,1177,9,0.007646559,0,2.5,157.5
2017,S,SHK,WHALE SHARK,90,0,2,569,2,0.003514938,0,2.5,162.5
2017,S,SHK,WHALE SHARK,89,0,2,1012,2,0.001976285,0,2.5,167.5
2017,S,SHK,WHALE SHARK,99,0,3,916,3,0.003275109,0,2.5,177.5
2017,S,SHK,WHALE SHARK,23,0,1,93,1,0.010752688,0,7.5,132.5
2017,S,SHK,WHALE SHARK,59,0,13,830,13,0.015662651,0,7.5,137.5
2017,S,SHK,WHALE SHARK,70,0,10,622,13,0.020900322,0,7.5,142.5
2017,S,SHK,WHALE SHARK,61,0,3,404,3,0.007425743,0,7.5,147.5
2017,S,SHK,WHALE SHARK,32,1,2,158,3,0.018987342,0.006329114,7.5,172.5
2017,S,SHK,WHALE SHARK,33,0,1,132,1,0.007575758,0,7.5,177.5
2018,S,SHK,WHALE SHARK,83,0,4,853,4,0.004689332,0,-7.5,-177.5
2018,S,SHK,WHALE SHARK,55,0,1,654,1,0.001529052,0,-7.5,-172.5
2018,S,SHK,WHALE SHARK,90,0,0,1128,1,0.000886525,0,-7.5,-167.5
2018,S,SHK,WHALE SHARK,65,0,1,648,1,0.00154321,0,-7.5,-162.5
2018,S,SHK,WHALE SHARK,13,0,1,77,1,0.012987013,0,-7.5,-152.5
2018,S,SHK,WHALE SHARK,12,0,1,90,1,0.011111111,0,-7.5,-147.5
2018,S,SHK,WHALE SHARK,5,0,1,22,1,0.045454545,0,-7.5,147.5
2018,S,SHK,WHALE SHARK,41,0,3,366,3,0.008196721,0,-7.5,152.5
2018,S,SHK,WHALE SHARK,50,0,3,343,3,0.008746356,0,-7.5,157.5
2018,S,SHK,WHALE SHARK,59,0,4,369,4,0.010840108,0,-7.5,162.5
2018,S,SHK,WHALE SHARK,72,0,1,280,1,0.003571429,0,-7.5,172.5
2018,S,SHK,WHALE SHARK,95,0,12,1290,12,0.009302326,0,-2.5,-167.5
2018,S,SHK,WHALE SHARK,43,0,3,505,3,0.005940594,0,-2.5,-162.5
2018,S,SHK,WHALE SHARK,21,0,1,169,1,0.00591716,0,-2.5,-152.5
2018,S,SHK,WHALE SHARK,32,0,1,144,1,0.006944444,0,-2.5,142.5
2018,S,SHK,WHALE SHARK,91,0,12,987,12,0.012158055,0,-2.5,147.5
2018,S,SHK,WHALE SHARK,134,0,12,1710,12,0.007017544,0,-2.5,152.5
2018,S,SHK,WHALE SHARK,127,0,8,1661,10,0.00602047,0,-2.5,157.5
2018,S,SHK,WHALE SHARK,121,0,9,1112,9,0.008093525,0,-2.5,162.5
2018,S,SHK,WHALE SHARK,143,0,15,4611,18,0.003903709,0,-2.5,167.5
2018,S,SHK,WHALE SHARK,120,0,3,1562,4,0.002560819,0,-2.5,172.5
2018,S,SHK,WHALE SHARK,116,0,1,1499,1,0.000667111,0,-2.5,177.5
2018,S,SHK,WHALE SHARK,13,0,4,89,4,0.04494382,0,2.5,132.5
2018,S,SHK,WHALE SHARK,41,0,4,2185,4,0.001830664,0,2.5,137.5
2018,S,SHK,WHALE SHARK,107,0,54,2030,54,0.026600985,0,2.5,142.5
2018,S,SHK,WHALE SHARK,125,0,52,2368,52,0.021959459,0,2.5,147.5
2018,S,SHK,WHALE SHARK,137,0,37,2142,37,0.017273576,0,2.5,152.5
2018,S,SHK,WHALE SHARK,130,0,13,1532,14,0.009138381,0,2.5,157.5
2018,S,SHK,WHALE SHARK,137,0,5,1085,5,0.004608295,0,2.5,162.5
2018,S,SHK,WHALE SHARK,147,1,9,2829,10,0.003534818,0.000353482,2.5,167.5
2018,S,SHK,WHALE SHARK,27,0,3,123,3,0.024390244,0,7.5,137.5
2018,S,SHK,WHALE SHARK,57,1,27,688,28,0.040697674,0.001453488,7.5,142.5
2018,S,SHK,WHALE SHARK,79,0,4,971,4,0.004119464,0,7.5,147.5
2018,S,SHK,WHALE SHARK,21,0,1,36,1,0.027777778,0,7.5,157.5
2018,S,SHK,WHALE SHARK,22,0,1,40,1,0.025,0,7.5,162.5
2018,S,SHK,WHALE SHARK,15,0,1,40,1,0.025,0,7.5,172.5
2019,S,SHK,WHALE SHARK,61,0,6,457,6,0.013129103,0,-7.5,-177.5
2019,S,SHK,WHALE SHARK,61,0,1,573,1,0.001745201,0,-7.5,-167.5
2019,S,SHK,WHALE SHARK,48,0,2,459,2,0.004357298,0,-7.5,-162.5
2019,S,SHK,WHALE SHARK,34,0,6,139,6,0.043165468,0,-7.5,152.5
2019,S,SHK,WHALE SHARK,36,0,3,194,4,0.020618557,0,-7.5,157.5
2019,S,SHK,WHALE SHARK,41,0,1,158,1,0.006329114,0,-7.5,162.5
2019,S,SHK,WHALE SHARK,51,0,1,325,1,0.003076923,0,-7.5,167.5
2019,S,SHK,WHALE SHARK,83,0,9,537,9,0.016759777,0,-7.5,172.5
2019,S,SHK,WHALE SHARK,98,0,10,1056,10,0.009469697,0,-7.5,177.5
2019,S,SHK,WHALE SHARK,89,1,7,810,8,0.009876543,0.001234568,-2.5,-177.5
2019,S,SHK,WHALE SHARK,97,2,38,1707,42,0.024604569,0.001171646,-2.5,-167.5
2019,S,SHK,WHALE SHARK,79,2,7,750,9,0.012,0.002666667,-2.5,-162.5
2019,S,SHK,WHALE SHARK,52,1,2,337,3,0.008902077,0.002967359,-2.5,-157.5
2019,S,SHK,WHALE SHARK,29,0,1,199,1,0.005025126,0,-2.5,-152.5
2019,S,SHK,WHALE SHARK,56,0,16,369,16,0.043360434,0,-2.5,142.5
2019,S,SHK,WHALE SHARK,97,0,29,1382,29,0.020984081,0,-2.5,147.5
2019,S,SHK,WHALE SHARK,123,0,46,1633,47,0.028781384,0,-2.5,152.5
2019,S,SHK,WHALE SHARK,121,0,36,1799,36,0.020011117,0,-2.5,157.5
2019,S,SHK,WHALE SHARK,104,0,2,542,2,0.003690037,0,-2.5,162.5
2019,S,SHK,WHALE SHARK,144,1,6,2620,7,0.002671756,0.000381679,-2.5,167.5
2019,S,SHK,WHALE SHARK,150,2,46,4755,50,0.010515247,0.00042061,-2.5,172.5
2019,S,SHK,WHALE SHARK,158,0,52,5044,54,0.010705789,0,-2.5,177.5
2019,S,SHK,WHALE SHARK,63,3,15,913,18,0.019715225,0.003285871,2.5,-172.5
2019,S,SHK,WHALE SHARK,61,0,15,885,16,0.018079096,0,2.5,-167.5
2019,S,SHK,WHALE SHARK,32,0,1,168,1,0.005952381,0,2.5,-162.5
2019,S,SHK,WHALE SHARK,28,0,0,118,1,0.008474576,0,2.5,-157.5
2019,S,SHK,WHALE SHARK,19,0,2,94,2,0.021276596,0,2.5,-152.5
2019,S,SHK,WHALE SHARK,31,0,3,2151,3,0.0013947,0,2.5,137.5
2019,S,SHK,WHALE SHARK,73,0,19,1061,19,0.017907634,0,2.5,142.5
2019,S,SHK,WHALE SHARK,91,0,75,1488,75,0.050403226,0,2.5,147.5
2019,S,SHK,WHALE SHARK,119,0,38,1481,39,0.026333558,0,2.5,152.5
2019,S,SHK,WHALE SHARK,101,0,7,780,7,0.008974359,0,2.5,157.5
2019,S,SHK,WHALE SHARK,112,0,14,796,14,0.01758794,0,2.5,162.5
2019,S,SHK,WHALE SHARK,122,0,12,977,12,0.012282497,0,2.5,167.5
2019,S,SHK,WHALE SHARK,105,0,4,700,4,0.005714286,0,2.5,172.5
2019,S,SHK,WHALE SHARK,126,0,18,2192,19,0.008667883,0,2.5,177.5
2019,S,SHK,WHALE SHARK,35,0,1,185,1,0.005405405,0,7.5,-167.5
2019,S,SHK,WHALE SHARK,44,0,2,462,2,0.004329004,0,7.5,137.5
2019,S,SHK,WHALE SHARK,57,0,4,444,4,0.009009009,0,7.5,142.5
2019,S,SHK,WHALE SHARK,10,0,1,38,1,0.026315789,0,7.5,152.5
2019,S,SHK,WHALE SHARK,31,0,2,105,2,0.019047619,0,7.5,162.5
2019,S,SHK,WHALE SHARK,35,0,1,171,1,0.005847953,0,12.5,142.5
2020,S,SHK,WHALE SHARK,9,0,1,25,1,0.04,0,-12.5,152.5
2020,S,SHK,WHALE SHARK,25,1,19,195,20,0.102564103,0.005128205,-12.5,157.5
2020,S,SHK,WHALE SHARK,36,0,3,193,4,0.020725389,0,-12.5,162.5
2020,S,SHK,WHALE SHARK,44,0,4,333,4,0.012012012,0,-12.5,167.5
2020,S,SHK,WHALE SHARK,6,0,1,13,1,0.076923077,0,-7.5,-147.5
2020,S,SHK,WHALE SHARK,37,0,10,295,11,0.037288136,0,-7.5,152.5
2020,S,SHK,WHALE SHARK,40,0,1,159,1,0.006289308,0,-7.5,157.5
2020,S,SHK,WHALE SHARK,44,0,4,237,4,0.016877637,0,-7.5,167.5
2020,S,SHK,WHALE SHARK,45,0,2,210,2,0.00952381,0,-7.5,172.5
2020,S,SHK,WHALE SHARK,57,0,5,570,5,0.00877193,0,-2.5,-177.5
2020,S,SHK,WHALE SHARK,27,0,2,223,2,0.00896861,0,-2.5,-167.5
2020,S,SHK,WHALE SHARK,40,0,12,332,12,0.036144578,0,-2.5,142.5
2020,S,SHK,WHALE SHARK,36,0,4,456,4,0.00877193,0,-2.5,147.5
2020,S,SHK,WHALE SHARK,70,0,8,554,8,0.014440433,0,-2.5,152.5
2020,S,SHK,WHALE SHARK,84,0,3,663,4,0.006033183,0,-2.5,157.5
2020,S,SHK,WHALE SHARK,64,0,2,319,2,0.006269592,0,-2.5,162.5
2020,S,SHK,WHALE SHARK,82,0,2,579,2,0.003454231,0,-2.5,167.5
2020,S,SHK,WHALE SHARK,103,0,5,944,6,0.006355932,0,-2.5,172.5
2020,S,SHK,WHALE SHARK,98,0,3,1078,5,0.004638219,0,-2.5,177.5
2020,S,SHK,WHALE SHARK,31,0,1,213,1,0.004694836,0,2.5,-172.5
2020,S,SHK,WHALE SHARK,29,0,3,2116,3,0.001417769,0,2.5,137.5
2020,S,SHK,WHALE SHARK,50,0,7,730,7,0.009589041,0,2.5,142.5
2020,S,SHK,WHALE SHARK,50,0,9,324,9,0.027777778,0,2.5,147.5
2020,S,SHK,WHALE SHARK,78,0,19,599,19,0.031719533,0,2.5,152.5
2020,S,SHK,WHALE SHARK,85,0,4,538,4,0.007434944,0,2.5,157.5
2020,S,SHK,WHALE SHARK,65,0,1,323,1,0.003095975,0,2.5,162.5
2020,S,SHK,WHALE SHARK,87,0,1,828,1,0.001207729,0,2.5,167.5
2020,S,SHK,WHALE SHARK,67,0,3,596,3,0.005033557,0,2.5,177.5
2020,S,SHK,WHALE SHARK,13,0,1,81,1,0.012345679,0,7.5,137.5
2021,S,SHK,WHALE SHARK,9,0,3,66,3,0.045454545,0,-2.5,142.5
2021,S,SHK,WHALE SHARK,17,0,2,116,2,0.017241379,0,-2.5,147.5
2021,S,SHK,WHALE SHARK,14,0,2,149,2,0.013422819,0,-2.5,157.5
2021,S,SHK,WHALE SHARK,27,0,1,1883,1,0.000531067,0,2.5,137.5
2021,S,SHK,WHALE SHARK,28,0,16,839,16,0.019070322,0,2.5,142.5
2022,S,SHK,WHALE SHARK,17,0,1,87,1,0.011494253,0,2.5,147.5
2022,S,SHK,WHALE SHARK,38,0,2,288,2,0.006944444,0,2.5,152.5
2023,S,SHK,WHALE SHARK,10,0,4,76,4,0.052631579,0,-12.5,157.5
2023,S,SHK,WHALE SHARK,57,0,0,412,1,0.002427184,0,-7.5,-177.5
2023,S,SHK,WHALE SHARK,22,0,2,213,2,0.009389671,0,-7.5,-152.5
2023,S,SHK,WHALE SHARK,63,0,3,547,3,0.005484461,0,-7.5,152.5
2023,S,SHK,WHALE SHARK,53,0,4,305,4,0.013114754,0,-7.5,157.5
2023,S,SHK,WHALE SHARK,34,0,1,125,1,0.008,0,-7.5,172.5
2023,S,SHK,WHALE SHARK,44,0,2,311,2,0.006430868,0,-7.5,177.5
2023,S,SHK,WHALE SHARK,82,0,1,483,1,0.002070393,0,-2.5,-177.5
2023,S,SHK,WHALE SHARK,77,0,2,839,2,0.00238379,0,-2.5,-172.5
2023,S,SHK,WHALE SHARK,84,0,7,1288,7,0.005434783,0,-2.5,-167.5
2023,S,SHK,WHALE SHARK,26,0,1,112,1,0.008928571,0,-2.5,-157.5
2023,S,SHK,WHALE SHARK,64,0,8,644,8,0.01242236,0,-2.5,147.5
2023,S,SHK,WHALE SHARK,106,0,7,918,8,0.008714597,0,-2.5,152.5
2023,S,SHK,WHALE SHARK,109,0,8,1181,9,0.00762066,0,-2.5,157.5
2023,S,SHK,WHALE SHARK,83,0,4,514,4,0.007782101,0,-2.5,162.5
2023,S,SHK,WHALE SHARK,100,1,4,1428,6,0.004201681,0.00070028,-2.5,167.5
2023,S,SHK,WHALE SHARK,88,0,4,1140,4,0.003508772,0,-2.5,172.5
2023,S,SHK,WHALE SHARK,99,0,1,1000,1,0.001,0,-2.5,177.5
2023,S,SHK,WHALE SHARK,60,0,1,467,1,0.002141328,0,2.5,-167.5
2023,S,SHK,WHALE SHARK,69,0,10,960,10,0.010416667,0,2.5,-162.5
2023,S,SHK,WHALE SHARK,58,0,0,853,1,0.001172333,0,2.5,-157.5
2023,S,SHK,WHALE SHARK,67,0,10,1154,10,0.008665511,0,2.5,142.5
2023,S,SHK,WHALE SHARK,79,0,271,656,271,0.413109756,0,2.5,147.5
2023,S,SHK,WHALE SHARK,92,0,7,733,7,0.009549795,0,2.5,152.5
2023,S,SHK,WHALE SHARK,69,0,2,605,2,0.003305785,0,2.5,157.5
2023,S,SHK,WHALE SHARK,65,0,1,427,1,0.00234192,0,2.5,162.5
2023,S,SHK,WHALE SHARK,97,0,3,1705,3,0.001759531,0,2.5,167.5
2023,S,SHK,WHALE SHARK,77,0,1,775,1,0.001290323,0,2.5,172.5
2023,S,SHK,WHALE SHARK,98,0,5,1472,6,0.004076087,0,2.5,177.5
2023,S,SHK,WHALE SHARK,3,0,1,3,1,0.333333333,0,7.5,137.5
2023,S,SHK,WHALE SHARK,4,0,1,15,1,0.066666667,0,7.5,142.5
2023,S,SHK,WHALE SHARK,30,0,1,114,1,0.00877193,0,7.5,167.5
2023,S,SHK,WHALE SHARK,27,0,1,123,1,0.008130081,0,7.5,177.5